_id,aqi,temperature,humidity,pm2_5,pm10,timestamp,dataSource,location,__v,location.latitude,location.longitude
synth_00000,107,33.5,49.3,35,35,2026-02-22 18:40:05+00:00,synthetic,,0,23.0647285,72.4390715
synth_00001,113,32.5,49.8,56,59,2026-02-22 19:40:05+00:00,synthetic,,0,23.0647285,72.4390715
synth_00002,111,29.8,53.3,5,5,2026-02-22 20:40:05+00:00,synthetic,,0,23.0647285,72.4390715
synth_00003,104,32.1,51.5,6,6,2026-02-22 21:40:05+00:00,synthetic,,0,23.0647285,72.4390715
synth_00004,100,31.1,52.0,37,38,2026-02-22 22:40:05+00:00,synthetic,,0,23.0647285,72.4390715
synth_00005,97,33.0,47.8,79,82,2026-02-22 23:40:05+00:00,synthetic,,0,23.0647285,72.4390715
synth_00006,101,30.8,52.3,5,5,2026-02-23 00:40:05+00:00,synthetic,,0,23.0647285,72.4390715
synth_00007,101,32.3,48.5,28,32,2026-02-23 01:40:05+00:00,synthetic,,0,23.0647285,72.4390715
synth_00008,103,33.7,47.2,5,5,2026-02-23 02:40:05+00:00,synthetic,,0,23.0647285,72.4390715
synth_00009,107,35.3,43.3,61,68,2026-02-23 03:40:05+00:00,synthetic,,0,23.0647285,72.4390715
synth_00010,105,35.6,41.8,36,42,2026-02-23 04:40:05+00:00,synthetic,,0,23.0647285,72.4390715
synth_00011,105,38.2,38.1,61,70,2026-02-23 05:40:05+00:00,synthetic,,0,23.0647285,72.4390715
synth_00012,107,37.3,38.9,74,79,2026-02-23 06:40:05+00:00,synthetic,,0,23.0647285,72.4390715
synth_00013,111,37.9,39.0,5,5,2026-02-23 07:40:05+00:00,synthetic,,0,23.0647285,72.4390715
synth_00014,111,39.9,35.9,27,29,2026-02-23 08:40:05+00:00,synthetic,,0,23.0647285,72.4390715
synth_00015,114,39.7,34.5,62,62,2026-02-23 09:40:05+00:00,synthetic,,0,23.0647285,72.4390715
synth_00016,114,39.8,34.9,42,44,2026-02-23 10:40:05+00:00,synthetic,,0,23.0647285,72.4390715
synth_00017,110,38.9,37.2,28,28,2026-02-23 11:40:05+00:00,synthetic,,0,23.0647285,72.4390715
synth_00018,107,37.5,38.4,37,46,2026-02-23 12:40:05+00:00,synthetic,,0,23.0647285,72.4390715
synth_00019,104,38.2,37.4,48,53,2026-02-23 13:40:05+00:00,synthetic,,0,23.0647285,72.4390715
synth_00020,106,37.6,39.4,19,25,2026-02-23 14:40:05+00:00,synthetic,,0,23.0647285,72.4390715
synth_00021,102,35.9,42.6,19,20,2026-02-23 15:40:05+00:00,synthetic,,0,23.0647285,72.4390715
synth_00022,100,34.7,46.0,44,46,2026-02-23 16:40:05+00:00,synthetic,,0,23.0647285,72.4390715
synth_00023,108,33.6,48.7,6,6,2026-02-23 17:40:05+00:00,synthetic,,0,23.0647285,72.4390715
synth_00024,112,32.7,47.3,60,65,2026-02-23 18:40:05+00:00,synthetic,,0,23.0647285,72.4390715
synth_00025,114,32.2,50.1,50,50,2026-02-23 19:40:05+00:00,synthetic,,0,23.0647285,72.4390715
synth_00026,122,31.4,51.6,52,57,2026-02-23 20:40:05+00:00,synthetic,,0,23.0647285,72.4390715
synth_00027,123,32.0,51.7,28,33,2026-02-23 21:40:05+00:00,synthetic,,0,23.0647285,72.4390715
synth_00028,118,30.8,51.8,25,27,2026-02-23 22:40:05+00:00,synthetic,,0,23.0647285,72.4390715
synth_00029,116,32.5,50.8,59,71,2026-02-23 23:40:05+00:00,synthetic,,0,23.0647285,72.4390715
synth_00030,115,31.5,51.3,22,23,2026-02-24 00:40:05+00:00,synthetic,,0,23.0647285,72.4390715
synth_00031,114,32.8,47.2,38,43,2026-02-24 01:40:05+00:00,synthetic,,0,23.0647285,72.4390715
synth_00032,112,33.9,47.4,10,10,2026-02-24 02:40:05+00:00,synthetic,,0,23.0647285,72.4390715
synth_00033,109,35.1,45.3,17,19,2026-02-24 03:40:05+00:00,synthetic,,0,23.0647285,72.4390715
synth_00034,103,36.3,42.8,18,28,2026-02-24 04:40:05+00:00,synthetic,,0,23.0647285,72.4390715
synth_00035,106,38.7,38.7,62,69,2026-02-24 05:40:05+00:00,synthetic,,0,23.0647285,72.4390715
synth_00036,105,37.9,38.7,40,40,2026-02-24 06:40:05+00:00,synthetic,,0,23.0647285,72.4390715
synth_00037,111,37.9,39.4,5,5,2026-02-24 07:40:05+00:00,synthetic,,0,23.0647285,72.4390715
synth_00038,112,39.3,35.7,56,57,2026-02-24 08:40:05+00:00,synthetic,,0,23.0647285,72.4390715
synth_00039,123,38.7,36.1,57,63,2026-02-24 09:40:05+00:00,synthetic,,0,23.0647285,72.4390715
synth_00040,116,40.0,35.8,35,36,2026-02-24 10:40:05+00:00,synthetic,,0,23.0647285,72.4390715
synth_00041,110,40.3,35.8,21,23,2026-02-24 11:40:05+00:00,synthetic,,0,23.0647285,72.4390715
synth_00042,115,38.3,36.7,69,71,2026-02-24 12:40:05+00:00,synthetic,,0,23.0647285,72.4390715
synth_00043,112,37.8,38.4,48,49,2026-02-24 13:40:05+00:00,synthetic,,0,23.0647285,72.4390715
synth_00044,108,37.6,39.5,9,9,2026-02-24 14:40:05+00:00,synthetic,,0,23.0647285,72.4390715
synth_00045,113,36.2,43.2,5,5,2026-02-24 15:40:05+00:00,synthetic,,0,23.0647285,72.4390715
synth_00046,113,34.8,44.9,28,30,2026-02-24 16:40:05+00:00,synthetic,,0,23.0647285,72.4390715
synth_00047,119,34.9,44.9,14,15,2026-02-24 17:40:05+00:00,synthetic,,0,23.0647285,72.4390715
synth_00048,120,32.7,48.7,27,30,2026-02-24 18:40:05+00:00,synthetic,,0,23.0647285,72.4390715
synth_00049,121,32.7,50.1,31,32,2026-02-24 19:40:05+00:00,synthetic,,0,23.0647285,72.4390715
synth_00050,115,32.2,51.3,29,29,2026-02-24 20:40:05+00:00,synthetic,,0,23.0647285,72.4390715
synth_00051,119,31.8,51.3,29,32,2026-02-24 21:40:05+00:00,synthetic,,0,23.0647285,72.4390715
synth_00052,119,33.1,49.5,63,66,2026-02-24 22:40:05+00:00,synthetic,,0,23.0647285,72.4390715
synth_00053,117,32.1,51.0,37,44,2026-02-24 23:40:05+00:00,synthetic,,0,23.0647285,72.4390715
synth_00054,110,32.9,50.5,14,14,2026-02-25 00:40:05+00:00,synthetic,,0,23.0647285,72.4390715
synth_00055,108,33.1,48.1,22,22,2026-02-25 01:40:05+00:00,synthetic,,0,23.0647285,72.4390715
synth_00056,103,34.5,45.6,27,29,2026-02-25 02:40:05+00:00,synthetic,,0,23.0647285,72.4390715
synth_00057,104,34.8,44.9,22,22,2026-02-25 03:40:05+00:00,synthetic,,0,23.0647285,72.4390715
synth_00058,102,36.5,43.0,35,35,2026-02-25 04:40:05+00:00,synthetic,,0,23.0647285,72.4390715
synth_00059,103,36.9,40.6,16,16,2026-02-25 05:40:05+00:00,synthetic,,0,23.0647285,72.4390715
synth_00060,108,39.0,37.0,75,80,2026-02-25 06:40:05+00:00,synthetic,,0,23.0647285,72.4390715
synth_00061,112,39.1,36.0,41,44,2026-02-25 07:40:05+00:00,synthetic,,0,23.0647285,72.4390715
synth_00062,121,41.5,32.8,68,73,2026-02-25 08:40:05+00:00,synthetic,,0,23.0647285,72.4390715
synth_00063,129,38.7,36.1,22,22,2026-02-25 09:40:05+00:00,synthetic,,0,23.0647285,72.4390715
synth_00064,121,40.0,36.5,50,50,2026-02-25 10:40:05+00:00,synthetic,,0,23.0647285,72.4390715
synth_00065,112,38.7,37.8,55,57,2026-02-25 11:40:05+00:00,synthetic,,0,23.0647285,72.4390715
synth_00066,101,39.4,36.8,62,65,2026-02-25 12:40:05+00:00,synthetic,,0,23.0647285,72.4390715
synth_00067,101,37.8,39.4,34,35,2026-02-25 13:40:05+00:00,synthetic,,0,23.0647285,72.4390715
synth_00068,101,37.9,38.6,43,50,2026-02-25 14:40:05+00:00,synthetic,,0,23.0647285,72.4390715
synth_00069,104,36.8,42.4,24,24,2026-02-25 15:40:05+00:00,synthetic,,0,23.0647285,72.4390715
synth_00070,114,35.8,43.8,82,93,2026-02-25 16:40:05+00:00,synthetic,,0,23.0647285,72.4390715
synth_00071,110,35.1,43.9,51,51,2026-02-25 17:40:05+00:00,synthetic,,0,23.0647285,72.4390715
synth_00072,111,34.6,46.8,61,61,2026-02-25 18:40:05+00:00,synthetic,,0,23.0647285,72.4390715
synth_00073,106,32.7,49.6,30,32,2026-02-25 19:40:05+00:00,synthetic,,0,23.0647285,72.4390715
synth_00074,103,32.6,49.1,50,51,2026-02-25 20:40:05+00:00,synthetic,,0,23.0647285,72.4390715
synth_00075,105,31.6,51.3,58,60,2026-02-25 21:40:05+00:00,synthetic,,0,23.0647285,72.4390715
synth_00076,106,30.9,51.5,21,21,2026-02-25 22:40:05+00:00,synthetic,,0,23.0647285,72.4390715
synth_00077,104,32.2,50.2,44,49,2026-02-25 23:40:05+00:00,synthetic,,0,23.0647285,72.4390715
synth_00078,102,32.2,48.3,19,24,2026-02-26 00:40:05+00:00,synthetic,,0,23.0647285,72.4390715
synth_00079,109,33.7,48.0,43,47,2026-02-26 01:40:05+00:00,synthetic,,0,23.0647285,72.4390715
synth_00080,107,32.8,48.1,15,15,2026-02-26 02:40:05+00:00,synthetic,,0,23.0647285,72.4390715
synth_00081,103,36.0,44.6,13,15,2026-02-26 03:40:05+00:00,synthetic,,0,23.0647285,72.4390715
synth_00082,104,37.1,42.2,15,15,2026-02-26 04:40:05+00:00,synthetic,,0,23.0647285,72.4390715
synth_00083,102,37.4,42.1,5,5,2026-02-26 05:40:05+00:00,synthetic,,0,23.0647285,72.4390715
synth_00084,102,37.7,38.2,26,26,2026-02-26 06:40:05+00:00,synthetic,,0,23.0647285,72.4390715
synth_00085,108,38.8,36.2,36,40,2026-02-26 07:40:05+00:00,synthetic,,0,23.0647285,72.4390715
synth_00086,114,39.1,37.2,14,15,2026-02-26 08:40:05+00:00,synthetic,,0,23.0647285,72.4390715
synth_00087,113,39.5,33.7,48,52,2026-02-26 09:40:05+00:00,synthetic,,0,23.0647285,72.4390715
synth_00088,113,39.7,34.5,20,20,2026-02-26 10:40:05+00:00,synthetic,,0,23.0647285,72.4390715
synth_00089,108,38.8,36.2,43,43,2026-02-26 11:40:05+00:00,synthetic,,0,23.0647285,72.4390715
synth_00090,109,38.6,39.0,6,6,2026-02-26 12:40:05+00:00,synthetic,,0,23.0647285,72.4390715
synth_00091,108,38.2,38.1,35,35,2026-02-26 13:40:05+00:00,synthetic,,0,23.0647285,72.4390715
synth_00092,111,37.5,39.7,44,45,2026-02-26 14:40:05+00:00,synthetic,,0,23.0647285,72.4390715
synth_00093,111,36.1,44.4,33,33,2026-02-26 15:40:05+00:00,synthetic,,0,23.0647285,72.4390715
synth_00094,115,33.4,45.5,27,27,2026-02-26 16:40:05+00:00,synthetic,,0,23.0647285,72.4390715
synth_00095,115,35.1,44.6,82,82,2026-02-26 17:40:05+00:00,synthetic,,0,23.0647285,72.4390715
synth_00096,117,32.5,49.5,61,63,2026-02-26 18:40:05+00:00,synthetic,,0,23.0647285,72.4390715
synth_00097,119,33.7,47.7,92,98,2026-02-26 19:40:05+00:00,synthetic,,0,23.0647285,72.4390715
synth_00098,121,31.6,51.2,26,27,2026-02-26 20:40:05+00:00,synthetic,,0,23.0647285,72.4390715
synth_00099,122,31.3,51.1,31,33,2026-02-26 21:40:05+00:00,synthetic,,0,23.0647285,72.4390715
synth_00100,121,31.9,52.6,24,29,2026-02-26 22:40:05+00:00,synthetic,,0,23.0647285,72.4390715
synth_00101,114,30.3,54.0,16,16,2026-02-26 23:40:05+00:00,synthetic,,0,23.0647285,72.4390715
synth_00102,113,33.8,49.0,16,16,2026-02-27 00:40:05+00:00,synthetic,,0,23.0647285,72.4390715
synth_00103,112,33.0,48.5,51,57,2026-02-27 01:40:05+00:00,synthetic,,0,23.0647285,72.4390715
synth_00104,116,33.4,47.0,31,34,2026-02-27 02:40:05+00:00,synthetic,,0,23.0647285,72.4390715
synth_00105,105,36.1,42.2,69,70,2026-02-27 03:40:05+00:00,synthetic,,0,23.0647285,72.4390715
synth_00106,109,35.6,41.5,40,47,2026-02-27 04:40:05+00:00,synthetic,,0,23.0647285,72.4390715
synth_00107,107,36.5,41.3,5,5,2026-02-27 05:40:05+00:00,synthetic,,0,23.0647285,72.4390715
synth_00108,108,39.9,37.2,53,54,2026-02-27 06:40:05+00:00,synthetic,,0,23.0647285,72.4390715
synth_00109,121,39.1,36.6,46,47,2026-02-27 07:40:05+00:00,synthetic,,0,23.0647285,72.4390715
synth_00110,119,39.2,35.8,28,29,2026-02-27 08:40:05+00:00,synthetic,,0,23.0647285,72.4390715
synth_00111,118,38.7,36.3,80,80,2026-02-27 09:40:05+00:00,synthetic,,0,23.0647285,72.4390715
synth_00112,115,38.5,36.0,30,36,2026-02-27 10:40:05+00:00,synthetic,,0,23.0647285,72.4390715
synth_00113,115,40.5,33.4,68,75,2026-02-27 11:40:05+00:00,synthetic,,0,23.0647285,72.4390715
synth_00114,105,39.0,36.3,56,61,2026-02-27 12:40:05+00:00,synthetic,,0,23.0647285,72.4390715
synth_00115,102,37.9,38.7,65,68,2026-02-27 13:40:05+00:00,synthetic,,0,23.0647285,72.4390715
synth_00116,103,37.1,41.0,7,9,2026-02-27 14:40:05+00:00,synthetic,,0,23.0647285,72.4390715
synth_00117,101,34.3,45.4,5,5,2026-02-27 15:40:05+00:00,synthetic,,0,23.0647285,72.4390715
synth_00118,95,36.1,42.8,70,78,2026-02-27 16:40:05+00:00,synthetic,,0,23.0647285,72.4390715
synth_00119,101,34.7,45.6,60,64,2026-02-27 17:40:05+00:00,synthetic,,0,23.0647285,72.4390715
synth_00120,107,31.4,51.5,5,5,2026-02-27 18:40:05+00:00,synthetic,,0,23.0647285,72.4390715
synth_00121,110,32.3,49.2,48,48,2026-02-27 19:40:05+00:00,synthetic,,0,23.0647285,72.4390715
synth_00122,113,31.8,52.1,5,5,2026-02-27 20:40:05+00:00,synthetic,,0,23.0647285,72.4390715
synth_00123,119,31.0,50.3,64,69,2026-02-27 21:40:05+00:00,synthetic,,0,23.0647285,72.4390715
synth_00124,118,31.6,51.1,24,24,2026-02-27 22:40:05+00:00,synthetic,,0,23.0647285,72.4390715
synth_00125,111,30.8,53.3,7,13,2026-02-27 23:40:05+00:00,synthetic,,0,23.0647285,72.4390715
synth_00126,109,32.2,50.3,42,44,2026-02-28 00:40:05+00:00,synthetic,,0,23.0647285,72.4390715
synth_00127,115,34.2,46.6,39,46,2026-02-28 01:40:05+00:00,synthetic,,0,23.0647285,72.4390715
synth_00128,106,35.8,43.3,81,90,2026-02-28 02:40:05+00:00,synthetic,,0,23.0647285,72.4390715
synth_00129,104,34.1,45.7,5,5,2026-02-28 03:40:05+00:00,synthetic,,0,23.0647285,72.4390715
synth_00130,102,36.0,43.4,9,10,2026-02-28 04:40:05+00:00,synthetic,,0,23.0647285,72.4390715
synth_00131,104,37.6,38.1,49,53,2026-02-28 05:40:05+00:00,synthetic,,0,23.0647285,72.4390715
synth_00132,105,36.9,40.9,9,9,2026-02-28 06:40:05+00:00,synthetic,,0,23.0647285,72.4390715
synth_00133,106,39.7,35.7,39,40,2026-02-28 07:40:05+00:00,synthetic,,0,23.0647285,72.4390715
synth_00134,106,39.5,35.5,35,35,2026-02-28 08:40:05+00:00,synthetic,,0,23.0647285,72.4390715
synth_00135,106,40.5,34.9,31,31,2026-02-28 09:40:05+00:00,synthetic,,0,23.0647285,72.4390715
synth_00136,106,40.2,35.3,56,64,2026-02-28 10:40:05+00:00,synthetic,,0,23.0647285,72.4390715
synth_00137,111,38.9,37.8,37,37,2026-02-28 11:40:05+00:00,synthetic,,0,23.0647285,72.4390715
synth_00138,103,37.7,37.5,28,28,2026-02-28 12:40:05+00:00,synthetic,,0,23.0647285,72.4390715
synth_00139,99,39.2,36.6,44,45,2026-02-28 13:40:05+00:00,synthetic,,0,23.0647285,72.4390715
synth_00140,96,36.7,40.8,50,55,2026-02-28 14:40:05+00:00,synthetic,,0,23.0647285,72.4390715
synth_00141,97,36.9,40.1,88,95,2026-02-28 15:40:05+00:00,synthetic,,0,23.0647285,72.4390715
synth_00142,95,36.6,42.1,58,64,2026-02-28 16:40:05+00:00,synthetic,,0,23.0647285,72.4390715
synth_00143,96,34.5,44.7,54,62,2026-02-28 17:40:05+00:00,synthetic,,0,23.0647285,72.4390715
synth_00144,97,33.2,48.8,28,34,2026-02-28 18:40:05+00:00,synthetic,,0,23.0647285,72.4390715
synth_00145,99,31.1,50.8,18,23,2026-02-28 19:40:05+00:00,synthetic,,0,23.0647285,72.4390715
synth_00146,99,32.1,51.5,49,49,2026-02-28 20:40:05+00:00,synthetic,,0,23.0647285,72.4390715
synth_00147,97,32.8,51.2,60,63,2026-02-28 21:40:05+00:00,synthetic,,0,23.0647285,72.4390715
synth_00148,100,32.9,49.9,64,72,2026-02-28 22:40:05+00:00,synthetic,,0,23.0647285,72.4390715
synth_00149,105,32.3,50.1,56,57,2026-02-28 23:40:05+00:00,synthetic,,0,23.0647285,72.4390715
synth_00150,104,32.5,50.8,29,30,2026-03-01 00:40:05+00:00,synthetic,,0,23.0647285,72.4390715
synth_00151,95,34.3,48.4,50,54,2026-03-01 01:40:05+00:00,synthetic,,0,23.0647285,72.4390715
synth_00152,96,35.1,44.7,72,78,2026-03-01 02:40:05+00:00,synthetic,,0,23.0647285,72.4390715
synth_00153,93,36.2,42.2,38,38,2026-03-01 03:40:05+00:00,synthetic,,0,23.0647285,72.4390715
synth_00154,99,35.3,44.0,7,7,2026-03-01 04:40:05+00:00,synthetic,,0,23.0647285,72.4390715
synth_00155,96,37.4,37.2,78,84,2026-03-01 05:40:05+00:00,synthetic,,0,23.0647285,72.4390715
synth_00156,94,38.8,36.8,46,52,2026-03-01 06:40:05+00:00,synthetic,,0,23.0647285,72.4390715
synth_00157,100,40.2,34.8,29,29,2026-03-01 07:40:05+00:00,synthetic,,0,23.0647285,72.4390715
synth_00158,104,39.5,35.9,39,45,2026-03-01 08:40:05+00:00,synthetic,,0,23.0647285,72.4390715
synth_00159,105,40.5,34.3,65,70,2026-03-01 09:40:05+00:00,synthetic,,0,23.0647285,72.4390715
synth_00160,106,40.5,34.5,68,77,2026-03-01 10:40:05+00:00,synthetic,,0,23.0647285,72.4390715
synth_00161,100,40.3,33.1,77,81,2026-03-01 11:40:05+00:00,synthetic,,0,23.0647285,72.4390715
synth_00162,100,38.2,36.5,20,20,2026-03-01 12:40:05+00:00,synthetic,,0,23.0647285,72.4390715
synth_00163,90,39.0,37.7,46,50,2026-03-01 13:40:05+00:00,synthetic,,0,23.0647285,72.4390715
synth_00164,91,37.6,41.4,6,6,2026-03-01 14:40:05+00:00,synthetic,,0,23.0647285,72.4390715
synth_00165,93,34.9,44.1,5,5,2026-03-01 15:40:05+00:00,synthetic,,0,23.0647285,72.4390715
synth_00166,102,35.0,44.8,56,61,2026-03-01 16:40:05+00:00,synthetic,,0,23.0647285,72.4390715
synth_00167,103,34.2,47.1,25,27,2026-03-01 17:40:05+00:00,synthetic,,0,23.0647285,72.4390715
synth_00168,109,33.8,48.2,34,34,2026-03-01 18:40:05+00:00,synthetic,,0,23.0647285,72.4390715
synth_00169,115,32.1,49.6,45,49,2026-03-01 19:40:05+00:00,synthetic,,0,23.0647285,72.4390715
synth_00170,114,31.7,53.0,34,35,2026-03-01 20:40:05+00:00,synthetic,,0,23.0647285,72.4390715
synth_00171,110,32.2,49.9,41,41,2026-03-01 21:40:05+00:00,synthetic,,0,23.0647285,72.4390715
synth_00172,108,31.8,52.0,50,50,2026-03-01 22:40:05+00:00,synthetic,,0,23.0647285,72.4390715
synth_00173,106,33.8,48.0,65,69,2026-03-01 23:40:05+00:00,synthetic,,0,23.0647285,72.4390715
synth_00174,105,33.6,46.8,62,70,2026-03-02 00:40:05+00:00,synthetic,,0,23.0647285,72.4390715
synth_00175,102,34.0,47.3,44,45,2026-03-02 01:40:05+00:00,synthetic,,0,23.0647285,72.4390715
synth_00176,103,35.3,44.2,66,66,2026-03-02 02:40:05+00:00,synthetic,,0,23.0647285,72.4390715
synth_00177,107,34.3,45.0,5,5,2026-03-02 03:40:05+00:00,synthetic,,0,23.0647285,72.4390715
synth_00178,105,36.6,41.9,46,46,2026-03-02 04:40:05+00:00,synthetic,,0,23.0647285,72.4390715
synth_00179,110,36.1,41.0,34,36,2026-03-02 05:40:05+00:00,synthetic,,0,23.0647285,72.4390715
synth_00180,109,37.9,40.3,33,34,2026-03-02 06:40:05+00:00,synthetic,,0,23.0647285,72.4390715
synth_00181,116,39.0,36.5,47,49,2026-03-02 07:40:05+00:00,synthetic,,0,23.0647285,72.4390715
synth_00182,120,40.0,35.1,45,45,2026-03-02 08:40:05+00:00,synthetic,,0,23.0647285,72.4390715
synth_00183,124,40.6,32.0,59,62,2026-03-02 09:40:05+00:00,synthetic,,0,23.0647285,72.4390715
synth_00184,124,39.6,35.1,19,24,2026-03-02 10:40:05+00:00,synthetic,,0,23.0647285,72.4390715
synth_00185,117,40.1,35.6,47,51,2026-03-02 11:40:05+00:00,synthetic,,0,23.0647285,72.4390715
synth_00186,121,38.9,37.9,46,51,2026-03-02 12:40:05+00:00,synthetic,,0,23.0647285,72.4390715
synth_00187,117,38.6,37.8,17,17,2026-03-02 13:40:05+00:00,synthetic,,0,23.0647285,72.4390715
synth_00188,112,37.5,40.3,53,56,2026-03-02 14:40:05+00:00,synthetic,,0,23.0647285,72.4390715
synth_00189,109,37.4,39.9,63,69,2026-03-02 15:40:05+00:00,synthetic,,0,23.0647285,72.4390715
synth_00190,108,35.6,43.5,69,75,2026-03-02 16:40:05+00:00,synthetic,,0,23.0647285,72.4390715
synth_00191,105,34.4,46.3,5,5,2026-03-02 17:40:05+00:00,synthetic,,0,23.0647285,72.4390715
synth_00192,107,33.6,49.4,7,11,2026-03-02 18:40:05+00:00,synthetic,,0,23.0647285,72.4390715
synth_00193,114,30.6,53.5,30,30,2026-03-02 19:40:05+00:00,synthetic,,0,23.0647285,72.4390715
synth_00194,118,34.2,48.0,99,109,2026-03-02 20:40:05+00:00,synthetic,,0,23.0647285,72.4390715
synth_00195,119,32.0,50.8,47,49,2026-03-02 21:40:05+00:00,synthetic,,0,23.0647285,72.4390715
synth_00196,109,31.1,50.9,38,43,2026-03-02 22:40:05+00:00,synthetic,,0,23.0647285,72.4390715
synth_00197,112,30.7,53.4,5,5,2026-03-02 23:40:05+00:00,synthetic,,0,23.0647285,72.4390715
synth_00198,113,32.3,49.2,17,18,2026-03-03 00:40:05+00:00,synthetic,,0,23.0647285,72.4390715
synth_00199,104,33.7,47.8,48,55,2026-03-03 01:40:05+00:00,synthetic,,0,23.0647285,72.4390715
synth_00200,104,34.2,46.7,28,29,2026-03-03 02:40:05+00:00,synthetic,,0,23.0647285,72.4390715
synth_00201,101,34.1,46.9,18,18,2026-03-03 03:40:05+00:00,synthetic,,0,23.0647285,72.4390715
synth_00202,99,36.7,42.2,54,58,2026-03-03 04:40:05+00:00,synthetic,,0,23.0647285,72.4390715
synth_00203,98,37.7,38.8,85,94,2026-03-03 05:40:05+00:00,synthetic,,0,23.0647285,72.4390715
synth_00204,102,38.3,38.1,37,44,2026-03-03 06:40:05+00:00,synthetic,,0,23.0647285,72.4390715
synth_00205,104,38.3,40.1,5,7,2026-03-03 07:40:05+00:00,synthetic,,0,23.0647285,72.4390715
synth_00206,116,39.6,37.2,28,28,2026-03-03 08:40:05+00:00,synthetic,,0,23.0647285,72.4390715
synth_00207,115,38.8,35.7,19,19,2026-03-03 09:40:05+00:00,synthetic,,0,23.0647285,72.4390715
synth_00208,115,39.1,37.3,5,5,2026-03-03 10:40:05+00:00,synthetic,,0,23.0647285,72.4390715
synth_00209,116,39.9,36.5,12,12,2026-03-03 11:40:05+00:00,synthetic,,0,23.0647285,72.4390715
synth_00210,113,39.2,36.0,43,43,2026-03-03 12:40:05+00:00,synthetic,,0,23.0647285,72.4390715
synth_00211,109,37.1,41.0,23,23,2026-03-03 13:40:05+00:00,synthetic,,0,23.0647285,72.4390715
synth_00212,102,37.8,40.2,37,39,2026-03-03 14:40:05+00:00,synthetic,,0,23.0647285,72.4390715
synth_00213,104,36.0,42.6,33,36,2026-03-03 15:40:05+00:00,synthetic,,0,23.0647285,72.4390715
synth_00214,102,33.1,47.5,5,5,2026-03-03 16:40:05+00:00,synthetic,,0,23.0647285,72.4390715
synth_00215,107,35.3,44.9,95,102,2026-03-03 17:40:05+00:00,synthetic,,0,23.0647285,72.4390715
synth_00216,114,33.2,48.7,32,36,2026-03-03 18:40:05+00:00,synthetic,,0,23.0647285,72.4390715
synth_00217,114,32.5,49.5,24,24,2026-03-03 19:40:05+00:00,synthetic,,0,23.0647285,72.4390715
synth_00218,119,32.2,51.0,58,62,2026-03-03 20:40:05+00:00,synthetic,,0,23.0647285,72.4390715
synth_00219,116,30.4,52.9,11,11,2026-03-03 21:40:05+00:00,synthetic,,0,23.0647285,72.4390715
synth_00220,114,32.0,51.0,53,53,2026-03-03 22:40:05+00:00,synthetic,,0,23.0647285,72.4390715
synth_00221,109,31.2,51.9,41,46,2026-03-03 23:40:05+00:00,synthetic,,0,23.0647285,72.4390715
synth_00222,107,33.5,47.5,70,75,2026-03-04 00:40:05+00:00,synthetic,,0,23.0647285,72.4390715
synth_00223,105,33.6,47.6,43,48,2026-03-04 01:40:05+00:00,synthetic,,0,23.0647285,72.4390715
synth_00224,108,31.9,49.8,5,5,2026-03-04 02:40:05+00:00,synthetic,,0,23.0647285,72.4390715
synth_00225,102,34.9,46.0,5,5,2026-03-04 03:40:05+00:00,synthetic,,0,23.0647285,72.4390715
synth_00226,101,35.6,42.5,45,50,2026-03-04 04:40:05+00:00,synthetic,,0,23.0647285,72.4390715
synth_00227,103,37.8,39.9,15,15,2026-03-04 05:40:05+00:00,synthetic,,0,23.0647285,72.4390715
synth_00228,104,37.8,40.4,13,13,2026-03-04 06:40:05+00:00,synthetic,,0,23.0647285,72.4390715
synth_00229,114,38.5,38.1,35,41,2026-03-04 07:40:05+00:00,synthetic,,0,23.0647285,72.4390715
synth_00230,119,40.7,34.4,34,35,2026-03-04 08:40:05+00:00,synthetic,,0,23.0647285,72.4390715
synth_00231,124,40.5,33.1,81,85,2026-03-04 09:40:05+00:00,synthetic,,0,23.0647285,72.4390715
synth_00232,128,39.5,35.6,45,45,2026-03-04 10:40:05+00:00,synthetic,,0,23.0647285,72.4390715
synth_00233,126,38.3,37.7,35,37,2026-03-04 11:40:05+00:00,synthetic,,0,23.0647285,72.4390715
synth_00234,122,37.5,39.9,26,26,2026-03-04 12:40:05+00:00,synthetic,,0,23.0647285,72.4390715
synth_00235,120,38.6,39.5,54,59,2026-03-04 13:40:05+00:00,synthetic,,0,23.0647285,72.4390715
synth_00236,115,38.3,39.7,49,54,2026-03-04 14:40:05+00:00,synthetic,,0,23.0647285,72.4390715
synth_00237,110,35.0,42.4,27,27,2026-03-04 15:40:05+00:00,synthetic,,0,23.0647285,72.4390715
synth_00238,109,35.1,45.4,36,36,2026-03-04 16:40:05+00:00,synthetic,,0,23.0647285,72.4390715
synth_00239,110,34.0,47.8,48,52,2026-03-04 17:40:05+00:00,synthetic,,0,23.0647285,72.4390715
synth_00240,115,33.9,46.1,69,72,2026-03-04 18:40:05+00:00,synthetic,,0,23.0647285,72.4390715
synth_00241,114,33.6,48.5,55,63,2026-03-04 19:40:05+00:00,synthetic,,0,23.0647285,72.4390715
synth_00242,115,33.7,46.4,102,112,2026-03-04 20:40:05+00:00,synthetic,,0,23.0647285,72.4390715
synth_00243,118,32.0,49.7,57,58,2026-03-04 21:40:05+00:00,synthetic,,0,23.0647285,72.4390715
synth_00244,113,33.2,49.8,50,54,2026-03-04 22:40:05+00:00,synthetic,,0,23.0647285,72.4390715
synth_00245,117,31.7,51.2,26,28,2026-03-04 23:40:05+00:00,synthetic,,0,23.0647285,72.4390715
synth_00246,113,32.3,49.2,52,54,2026-03-05 00:40:05+00:00,synthetic,,0,23.0647285,72.4390715
synth_00247,117,33.4,48.8,29,29,2026-03-05 01:40:05+00:00,synthetic,,0,23.0647285,72.4390715
synth_00248,107,34.6,47.1,65,70,2026-03-05 02:40:05+00:00,synthetic,,0,23.0647285,72.4390715
synth_00249,112,37.8,41.6,88,97,2026-03-05 03:40:05+00:00,synthetic,,0,23.0647285,72.4390715
synth_00250,113,35.6,42.9,28,28,2026-03-05 04:40:05+00:00,synthetic,,0,23.0647285,72.4390715
synth_00251,114,38.0,40.0,59,62,2026-03-05 05:40:05+00:00,synthetic,,0,23.0647285,72.4390715
synth_00252,111,37.3,39.9,5,5,2026-03-05 06:40:05+00:00,synthetic,,0,23.0647285,72.4390715
synth_00253,109,40.8,34.6,80,84,2026-03-05 07:40:05+00:00,synthetic,,0,23.0647285,72.4390715
synth_00254,111,41.3,34.7,63,64,2026-03-05 08:40:05+00:00,synthetic,,0,23.0647285,72.4390715
synth_00255,114,39.1,36.7,5,5,2026-03-05 09:40:05+00:00,synthetic,,0,23.0647285,72.4390715
synth_00256,115,38.6,34.3,29,36,2026-03-05 10:40:05+00:00,synthetic,,0,23.0647285,72.4390715
synth_00257,118,38.7,37.2,29,31,2026-03-05 11:40:05+00:00,synthetic,,0,23.0647285,72.4390715
synth_00258,116,39.4,35.8,66,69,2026-03-05 12:40:05+00:00,synthetic,,0,23.0647285,72.4390715
synth_00259,110,38.9,37.1,52,54,2026-03-05 13:40:05+00:00,synthetic,,0,23.0647285,72.4390715
synth_00260,107,35.1,43.5,24,24,2026-03-05 14:40:05+00:00,synthetic,,0,23.0647285,72.4390715
synth_00261,107,35.3,42.6,53,53,2026-03-05 15:40:05+00:00,synthetic,,0,23.0647285,72.4390715
synth_00262,109,34.7,45.6,5,5,2026-03-05 16:40:05+00:00,synthetic,,0,23.0647285,72.4390715
synth_00263,107,33.8,48.2,17,17,2026-03-05 17:40:05+00:00,synthetic,,0,23.0647285,72.4390715
synth_00264,112,33.6,47.3,53,57,2026-03-05 18:40:05+00:00,synthetic,,0,23.0647285,72.4390715
synth_00265,109,31.3,53.1,5,5,2026-03-05 19:40:05+00:00,synthetic,,0,23.0647285,72.4390715
synth_00266,113,33.0,48.1,86,97,2026-03-05 20:40:05+00:00,synthetic,,0,23.0647285,72.4390715
synth_00267,110,31.0,51.5,22,27,2026-03-05 21:40:05+00:00,synthetic,,0,23.0647285,72.4390715
synth_00268,111,31.5,50.3,37,38,2026-03-05 22:40:05+00:00,synthetic,,0,23.0647285,72.4390715
synth_00269,109,33.9,46.6,109,123,2026-03-05 23:40:05+00:00,synthetic,,0,23.0647285,72.4390715
synth_00270,109,32.6,49.7,13,14,2026-03-06 00:40:05+00:00,synthetic,,0,23.0647285,72.4390715
synth_00271,106,34.1,47.2,68,71,2026-03-06 01:40:05+00:00,synthetic,,0,23.0647285,72.4390715
synth_00272,102,34.7,44.9,57,63,2026-03-06 02:40:05+00:00,synthetic,,0,23.0647285,72.4390715
synth_00273,111,34.9,46.1,16,16,2026-03-06 03:40:05+00:00,synthetic,,0,23.0647285,72.4390715
synth_00274,105,36.5,42.3,51,61,2026-03-06 04:40:05+00:00,synthetic,,0,23.0647285,72.4390715
synth_00275,108,37.7,39.1,47,49,2026-03-06 05:40:05+00:00,synthetic,,0,23.0647285,72.4390715
synth_00276,110,38.3,38.3,73,78,2026-03-06 06:40:05+00:00,synthetic,,0,23.0647285,72.4390715
synth_00277,104,39.6,36.4,21,21,2026-03-06 07:40:05+00:00,synthetic,,0,23.0647285,72.4390715
synth_00278,112,39.6,35.0,51,52,2026-03-06 08:40:05+00:00,synthetic,,0,23.0647285,72.4390715
synth_00279,121,40.4,36.0,39,39,2026-03-06 09:40:05+00:00,synthetic,,0,23.0647285,72.4390715
synth_00280,120,39.1,36.2,39,44,2026-03-06 10:40:05+00:00,synthetic,,0,23.0647285,72.4390715
synth_00281,113,39.7,35.4,47,48,2026-03-06 11:40:05+00:00,synthetic,,0,23.0647285,72.4390715
synth_00282,112,38.2,39.9,7,7,2026-03-06 12:40:05+00:00,synthetic,,0,23.0647285,72.4390715
synth_00283,110,38.4,38.6,46,51,2026-03-06 13:40:05+00:00,synthetic,,0,23.0647285,72.4390715
synth_00284,109,37.5,41.8,33,33,2026-03-06 14:40:05+00:00,synthetic,,0,23.0647285,72.4390715
synth_00285,112,34.5,44.7,36,37,2026-03-06 15:40:05+00:00,synthetic,,0,23.0647285,72.4390715
synth_00286,113,35.6,43.6,46,48,2026-03-06 16:40:05+00:00,synthetic,,0,23.0647285,72.4390715
synth_00287,116,33.7,47.5,54,60,2026-03-06 17:40:05+00:00,synthetic,,0,23.0647285,72.4390715
synth_00288,118,33.9,46.4,84,90,2026-03-06 18:40:05+00:00,synthetic,,0,23.0647285,72.4390715
synth_00289,121,30.9,51.2,11,13,2026-03-06 19:40:05+00:00,synthetic,,0,23.0647285,72.4390715
synth_00290,118,31.9,51.8,36,38,2026-03-06 20:40:05+00:00,synthetic,,0,23.0647285,72.4390715
synth_00291,120,32.1,51.4,46,51,2026-03-06 21:40:05+00:00,synthetic,,0,23.0647285,72.4390715
synth_00292,114,31.2,53.7,5,5,2026-03-06 22:40:05+00:00,synthetic,,0,23.0647285,72.4390715
synth_00293,119,33.9,48.8,72,73,2026-03-06 23:40:05+00:00,synthetic,,0,23.0647285,72.4390715
synth_00294,111,33.7,48.7,21,22,2026-03-07 00:40:05+00:00,synthetic,,0,23.0647285,72.4390715
synth_00295,106,33.9,46.7,74,76,2026-03-07 01:40:05+00:00,synthetic,,0,23.0647285,72.4390715
synth_00296,100,34.1,45.7,31,32,2026-03-07 02:40:05+00:00,synthetic,,0,23.0647285,72.4390715
synth_00297,92,35.8,42.0,49,51,2026-03-07 03:40:05+00:00,synthetic,,0,23.0647285,72.4390715
synth_00298,94,35.8,41.8,64,71,2026-03-07 04:40:05+00:00,synthetic,,0,23.0647285,72.4390715
synth_00299,96,36.8,40.2,21,21,2026-03-07 05:40:05+00:00,synthetic,,0,23.0647285,72.4390715
synth_00300,105,37.8,37.4,31,31,2026-03-07 06:40:05+00:00,synthetic,,0,23.0647285,72.4390715
synth_00301,107,38.2,37.9,49,52,2026-03-07 07:40:05+00:00,synthetic,,0,23.0647285,72.4390715
synth_00302,115,39.8,34.3,55,57,2026-03-07 08:40:05+00:00,synthetic,,0,23.0647285,72.4390715
synth_00303,112,39.1,36.4,18,18,2026-03-07 09:40:05+00:00,synthetic,,0,23.0647285,72.4390715
synth_00304,110,39.2,36.7,49,52,2026-03-07 10:40:05+00:00,synthetic,,0,23.0647285,72.4390715
synth_00305,108,40.1,35.4,42,45,2026-03-07 11:40:05+00:00,synthetic,,0,23.0647285,72.4390715
synth_00306,98,38.8,36.9,37,37,2026-03-07 12:40:05+00:00,synthetic,,0,23.0647285,72.4390715
synth_00307,93,38.2,37.6,40,40,2026-03-07 13:40:05+00:00,synthetic,,0,23.0647285,72.4390715
synth_00308,96,36.9,41.9,40,45,2026-03-07 14:40:05+00:00,synthetic,,0,23.0647285,72.4390715
synth_00309,100,36.7,42.1,22,22,2026-03-07 15:40:05+00:00,synthetic,,0,23.0647285,72.4390715
synth_00310,99,36.0,41.9,58,58,2026-03-07 16:40:05+00:00,synthetic,,0,23.0647285,72.4390715
synth_00311,105,33.9,45.9,60,64,2026-03-07 17:40:05+00:00,synthetic,,0,23.0647285,72.4390715
synth_00312,104,34.5,47.9,53,56,2026-03-07 18:40:05+00:00,synthetic,,0,23.0647285,72.4390715
synth_00313,99,32.7,51.3,14,14,2026-03-07 19:40:05+00:00,synthetic,,0,23.0647285,72.4390715
synth_00314,100,31.6,51.3,41,43,2026-03-07 20:40:05+00:00,synthetic,,0,23.0647285,72.4390715
synth_00315,102,31.5,51.4,37,37,2026-03-07 21:40:05+00:00,synthetic,,0,23.0647285,72.4390715
synth_00316,100,33.0,49.0,74,79,2026-03-07 22:40:05+00:00,synthetic,,0,23.0647285,72.4390715
synth_00317,104,32.2,50.5,41,41,2026-03-07 23:40:05+00:00,synthetic,,0,23.0647285,72.4390715
synth_00318,97,33.9,49.9,40,43,2026-03-08 00:40:05+00:00,synthetic,,0,23.0647285,72.4390715
synth_00319,89,32.6,48.4,19,19,2026-03-08 01:40:05+00:00,synthetic,,0,23.0647285,72.4390715
synth_00320,82,34.0,46.1,53,53,2026-03-08 02:40:05+00:00,synthetic,,0,23.0647285,72.4390715
synth_00321,76,36.0,45.1,17,18,2026-03-08 03:40:05+00:00,synthetic,,0,23.0647285,72.4390715
synth_00322,80,38.2,39.1,27,29,2026-03-08 04:40:05+00:00,synthetic,,0,23.0647285,72.4390715
synth_00323,89,37.7,39.3,35,36,2026-03-08 05:40:05+00:00,synthetic,,0,23.0647285,72.4390715
synth_00324,95,38.4,38.2,29,30,2026-03-08 06:40:05+00:00,synthetic,,0,23.0647285,72.4390715
synth_00325,92,39.0,35.5,60,69,2026-03-08 07:40:05+00:00,synthetic,,0,23.0647285,72.4390715
synth_00326,89,41.8,32.2,102,112,2026-03-08 08:40:05+00:00,synthetic,,0,23.0647285,72.4390715
synth_00327,97,40.4,34.4,49,51,2026-03-08 09:40:05+00:00,synthetic,,0,23.0647285,72.4390715
synth_00328,98,40.7,31.5,63,68,2026-03-08 10:40:05+00:00,synthetic,,0,23.0647285,72.4390715
synth_00329,96,39.9,36.4,23,25,2026-03-08 11:40:05+00:00,synthetic,,0,23.0647285,72.4390715
synth_00330,90,37.7,39.5,5,5,2026-03-08 12:40:05+00:00,synthetic,,0,23.0647285,72.4390715
synth_00331,93,37.9,38.9,48,53,2026-03-08 13:40:05+00:00,synthetic,,0,23.0647285,72.4390715
synth_00332,97,37.7,40.4,51,51,2026-03-08 14:40:05+00:00,synthetic,,0,23.0647285,72.4390715
synth_00333,96,35.3,43.6,15,15,2026-03-08 15:40:05+00:00,synthetic,,0,23.0647285,72.4390715
synth_00334,89,35.2,43.8,39,44,2026-03-08 16:40:05+00:00,synthetic,,0,23.0647285,72.4390715
synth_00335,87,33.1,47.1,17,17,2026-03-08 17:40:05+00:00,synthetic,,0,23.0647285,72.4390715
synth_00336,92,32.6,48.9,5,5,2026-03-08 18:40:05+00:00,synthetic,,0,23.0647285,72.4390715
synth_00337,102,29.7,53.1,14,15,2026-03-08 19:40:05+00:00,synthetic,,0,23.0647285,72.4390715
synth_00338,104,32.3,49.9,28,30,2026-03-08 20:40:05+00:00,synthetic,,0,23.0647285,72.4390715
synth_00339,107,33.4,47.9,100,104,2026-03-08 21:40:05+00:00,synthetic,,0,23.0647285,72.4390715
synth_00340,102,31.2,52.0,25,29,2026-03-08 22:40:05+00:00,synthetic,,0,23.0647285,72.4390715
synth_00341,101,31.9,50.8,39,39,2026-03-08 23:40:05+00:00,synthetic,,0,23.0647285,72.4390715
synth_00342,100,31.6,49.8,28,31,2026-03-09 00:40:05+00:00,synthetic,,0,23.0647285,72.4390715
synth_00343,102,34.1,47.0,42,44,2026-03-09 01:40:05+00:00,synthetic,,0,23.0647285,72.4390715
synth_00344,103,32.4,48.0,29,32,2026-03-09 02:40:05+00:00,synthetic,,0,23.0647285,72.4390715
synth_00345,107,36.1,42.8,64,68,2026-03-09 03:40:05+00:00,synthetic,,0,23.0647285,72.4390715
synth_00346,109,37.0,40.4,66,73,2026-03-09 04:40:05+00:00,synthetic,,0,23.0647285,72.4390715
synth_00347,103,35.9,41.5,5,5,2026-03-09 05:40:05+00:00,synthetic,,0,23.0647285,72.4390715
synth_00348,104,39.3,36.7,72,74,2026-03-09 06:40:05+00:00,synthetic,,0,23.0647285,72.4390715
synth_00349,112,39.4,35.5,34,38,2026-03-09 07:40:05+00:00,synthetic,,0,23.0647285,72.4390715
synth_00350,116,38.5,38.0,18,22,2026-03-09 08:40:05+00:00,synthetic,,0,23.0647285,72.4390715
synth_00351,114,39.8,35.3,54,57,2026-03-09 09:40:05+00:00,synthetic,,0,23.0647285,72.4390715
synth_00352,113,39.7,35.5,17,17,2026-03-09 10:40:05+00:00,synthetic,,0,23.0647285,72.4390715
synth_00353,100,40.9,35.3,31,31,2026-03-09 11:40:05+00:00,synthetic,,0,23.0647285,72.4390715
synth_00354,100,38.3,38.2,51,56,2026-03-09 12:40:05+00:00,synthetic,,0,23.0647285,72.4390715
synth_00355,101,38.5,38.7,36,36,2026-03-09 13:40:05+00:00,synthetic,,0,23.0647285,72.4390715
synth_00356,102,37.0,38.6,72,78,2026-03-09 14:40:05+00:00,synthetic,,0,23.0647285,72.4390715
synth_00357,103,36.1,43.6,38,38,2026-03-09 15:40:05+00:00,synthetic,,0,23.0647285,72.4390715
synth_00358,105,34.1,47.7,5,5,2026-03-09 16:40:05+00:00,synthetic,,0,23.0647285,72.4390715
synth_00359,103,33.5,47.2,27,29,2026-03-09 17:40:05+00:00,synthetic,,0,23.0647285,72.4390715
synth_00360,103,33.6,48.7,48,48,2026-03-09 18:40:05+00:00,synthetic,,0,23.0647285,72.4390715
synth_00361,104,31.7,51.5,12,12,2026-03-09 19:40:05+00:00,synthetic,,0,23.0647285,72.4390715
synth_00362,105,31.5,52.8,36,39,2026-03-09 20:40:05+00:00,synthetic,,0,23.0647285,72.4390715
synth_00363,115,31.6,51.0,41,47,2026-03-09 21:40:05+00:00,synthetic,,0,23.0647285,72.4390715
synth_00364,104,31.6,50.3,71,78,2026-03-09 22:40:05+00:00,synthetic,,0,23.0647285,72.4390715
synth_00365,99,33.7,47.7,46,47,2026-03-09 23:40:05+00:00,synthetic,,0,23.0647285,72.4390715
synth_00366,103,32.3,50.1,43,44,2026-03-10 00:40:05+00:00,synthetic,,0,23.0647285,72.4390715
synth_00367,106,32.1,50.1,14,14,2026-03-10 01:40:05+00:00,synthetic,,0,23.0647285,72.4390715
synth_00368,104,33.5,47.2,40,41,2026-03-10 02:40:05+00:00,synthetic,,0,23.0647285,72.4390715
synth_00369,102,35.2,43.9,49,51,2026-03-10 03:40:05+00:00,synthetic,,0,23.0647285,72.4390715
synth_00370,101,36.6,41.9,20,24,2026-03-10 04:40:05+00:00,synthetic,,0,23.0647285,72.4390715
synth_00371,109,35.9,42.4,24,26,2026-03-10 05:40:05+00:00,synthetic,,0,23.0647285,72.4390715
synth_00372,102,37.9,38.6,57,58,2026-03-10 06:40:05+00:00,synthetic,,0,23.0647285,72.4390715
synth_00373,105,39.4,36.4,59,59,2026-03-10 07:40:05+00:00,synthetic,,0,23.0647285,72.4390715
synth_00374,117,38.9,35.1,44,49,2026-03-10 08:40:05+00:00,synthetic,,0,23.0647285,72.4390715
synth_00375,117,39.5,34.7,72,79,2026-03-10 09:40:05+00:00,synthetic,,0,23.0647285,72.4390715
synth_00376,119,37.7,37.6,35,37,2026-03-10 10:40:05+00:00,synthetic,,0,23.0647285,72.4390715
synth_00377,119,39.3,37.6,13,13,2026-03-10 11:40:05+00:00,synthetic,,0,23.0647285,72.4390715
synth_00378,111,39.0,36.6,36,38,2026-03-10 12:40:05+00:00,synthetic,,0,23.0647285,72.4390715
synth_00379,103,38.0,38.4,15,15,2026-03-10 13:40:05+00:00,synthetic,,0,23.0647285,72.4390715
synth_00380,96,37.6,39.6,18,19,2026-03-10 14:40:05+00:00,synthetic,,0,23.0647285,72.4390715
synth_00381,102,35.6,44.3,37,40,2026-03-10 15:40:05+00:00,synthetic,,0,23.0647285,72.4390715
synth_00382,104,34.1,46.4,21,24,2026-03-10 16:40:05+00:00,synthetic,,0,23.0647285,72.4390715
synth_00383,110,34.0,46.6,5,5,2026-03-10 17:40:05+00:00,synthetic,,0,23.0647285,72.4390715
synth_00384,120,35.2,44.8,114,127,2026-03-10 18:40:05+00:00,synthetic,,0,23.0647285,72.4390715
synth_00385,118,33.5,48.3,85,92,2026-03-10 19:40:05+00:00,synthetic,,0,23.0647285,72.4390715
synth_00386,120,31.3,50.8,31,34,2026-03-10 20:40:05+00:00,synthetic,,0,23.0647285,72.4390715
synth_00387,119,32.6,50.1,77,82,2026-03-10 21:40:05+00:00,synthetic,,0,23.0647285,72.4390715
synth_00388,119,32.0,50.4,57,60,2026-03-10 22:40:05+00:00,synthetic,,0,23.0647285,72.4390715
synth_00389,119,32.8,49.6,56,57,2026-03-10 23:40:05+00:00,synthetic,,0,23.0647285,72.4390715
synth_00390,118,33.2,48.2,45,51,2026-03-11 00:40:05+00:00,synthetic,,0,23.0647285,72.4390715
synth_00391,112,33.5,47.9,24,26,2026-03-11 01:40:05+00:00,synthetic,,0,23.0647285,72.4390715
synth_00392,112,34.5,46.8,8,8,2026-03-11 02:40:05+00:00,synthetic,,0,23.0647285,72.4390715
synth_00393,102,34.9,43.1,41,48,2026-03-11 03:40:05+00:00,synthetic,,0,23.0647285,72.4390715
synth_00394,101,36.8,39.3,67,77,2026-03-11 04:40:05+00:00,synthetic,,0,23.0647285,72.4390715
synth_00395,102,37.3,40.7,28,32,2026-03-11 05:40:05+00:00,synthetic,,0,23.0647285,72.4390715
synth_00396,104,37.4,39.9,5,5,2026-03-11 06:40:05+00:00,synthetic,,0,23.0647285,72.4390715
synth_00397,109,39.0,36.1,37,37,2026-03-11 07:40:05+00:00,synthetic,,0,23.0647285,72.4390715
synth_00398,117,38.8,35.1,61,64,2026-03-11 08:40:05+00:00,synthetic,,0,23.0647285,72.4390715
synth_00399,117,38.4,36.5,10,10,2026-03-11 09:40:05+00:00,synthetic,,0,23.0647285,72.4390715
synth_00400,112,39.4,35.3,50,56,2026-03-11 10:40:05+00:00,synthetic,,0,23.0647285,72.4390715
synth_00401,104,40.3,33.7,58,67,2026-03-11 11:40:05+00:00,synthetic,,0,23.0647285,72.4390715
synth_00402,98,39.0,37.6,16,16,2026-03-11 12:40:05+00:00,synthetic,,0,23.0647285,72.4390715
synth_00403,100,38.1,40.2,6,6,2026-03-11 13:40:05+00:00,synthetic,,0,23.0647285,72.4390715
synth_00404,94,37.8,39.6,49,51,2026-03-11 14:40:05+00:00,synthetic,,0,23.0647285,72.4390715
synth_00405,100,35.6,43.4,14,14,2026-03-11 15:40:05+00:00,synthetic,,0,23.0647285,72.4390715
synth_00406,102,35.2,42.8,61,69,2026-03-11 16:40:05+00:00,synthetic,,0,23.0647285,72.4390715
synth_00407,101,34.1,46.5,53,56,2026-03-11 17:40:05+00:00,synthetic,,0,23.0647285,72.4390715
synth_00408,103,32.2,49.0,22,22,2026-03-11 18:40:05+00:00,synthetic,,0,23.0647285,72.4390715
synth_00409,110,32.8,48.9,75,81,2026-03-11 19:40:05+00:00,synthetic,,0,23.0647285,72.4390715
synth_00410,111,32.7,48.7,59,66,2026-03-11 20:40:05+00:00,synthetic,,0,23.0647285,72.4390715
synth_00411,108,32.2,50.6,43,52,2026-03-11 21:40:05+00:00,synthetic,,0,23.0647285,72.4390715
synth_00412,105,31.3,52.8,6,8,2026-03-11 22:40:05+00:00,synthetic,,0,23.0647285,72.4390715
synth_00413,101,32.1,51.6,58,59,2026-03-11 23:40:05+00:00,synthetic,,0,23.0647285,72.4390715
synth_00414,100,32.8,48.7,55,55,2026-03-12 00:40:05+00:00,synthetic,,0,23.0647285,72.4390715
synth_00415,101,32.8,50.0,17,19,2026-03-12 01:40:05+00:00,synthetic,,0,23.0647285,72.4390715
synth_00416,101,34.8,46.0,32,35,2026-03-12 02:40:05+00:00,synthetic,,0,23.0647285,72.4390715
synth_00417,100,34.3,44.6,32,35,2026-03-12 03:40:05+00:00,synthetic,,0,23.0647285,72.4390715
synth_00418,96,36.1,43.3,7,7,2026-03-12 04:40:05+00:00,synthetic,,0,23.0647285,72.4390715
synth_00419,99,37.7,37.7,42,43,2026-03-12 05:40:05+00:00,synthetic,,0,23.0647285,72.4390715
synth_00420,104,40.1,34.7,107,118,2026-03-12 06:40:05+00:00,synthetic,,0,23.0647285,72.4390715
69b26dd5038302abb38094c4,70,31.6,49.0,21,26,2026-03-12 07:40:05.884000+00:00,real,,0,23.0647285,72.4390715
69b26dda038302abb38094c6,84,31.6,49.0,28,28,2026-03-12 07:40:10.937000+00:00,real,,0,23.0647285,72.4390715
69b26ddf038302abb38094c8,97,31.6,50.4,34,34,2026-03-12 07:40:15.848000+00:00,real,,0,23.0647285,72.4390715
69b26de4038302abb38094ca,99,31.5,50.3,35,39,2026-03-12 07:40:20.977000+00:00,real,,0,23.0647285,72.4390715
69b26dfd038302abb38094d2,68,31.5,49.1,20,20,2026-03-12 07:40:45.974000+00:00,real,,0,23.0647285,72.4390715
69b26e02038302abb38094d4,84,31.5,50.4,28,28,2026-03-12 07:40:50.905000+00:00,real,,0,23.0647285,72.4390715
69b26e08038302abb38094d6,91,31.5,50.4,31,34,2026-03-12 07:40:56.195000+00:00,real,,0,23.0647285,72.4390715
69b26e0c038302abb38094d8,74,31.5,50.4,23,23,2026-03-12 07:41:00.913000+00:00,real,,0,23.0647285,72.4390715
69b26e12038302abb38094da,74,31.4,50.5,23,23,2026-03-12 07:41:06.022000+00:00,real,,0,23.0647285,72.4390715
69b26e16038302abb38094dc,74,31.5,50.5,23,23,2026-03-12 07:41:10.960000+00:00,real,,0,23.0647285,72.4390715
69b26e1c038302abb38094de,76,31.4,50.5,24,24,2026-03-12 07:41:16.016000+00:00,real,,0,23.0647285,72.4390715
69b26e20038302abb38094e0,76,31.4,51.2,24,24,2026-03-12 07:41:20.996000+00:00,real,,0,23.0647285,72.4390715
69b26e26038302abb38094e2,76,31.4,51.1,24,24,2026-03-12 07:41:26.010000+00:00,real,,0,23.0647285,72.4390715
69b26e2b038302abb38094e4,78,31.4,51.4,25,25,2026-03-12 07:41:31.121000+00:00,real,,0,23.0647285,72.4390715
69b26e2f038302abb38094e6,78,31.4,49.5,25,25,2026-03-12 07:41:35.932000+00:00,real,,0,23.0647285,72.4390715
69b26e34038302abb38094e8,80,31.3,48.3,26,26,2026-03-12 07:41:40.857000+00:00,real,,0,23.0647285,72.4390715
69b26e39038302abb38094ea,80,31.3,48.2,26,26,2026-03-12 07:41:45.981000+00:00,real,,0,23.0647285,72.4390715
69b26e3e038302abb38094ec,80,31.4,48.7,26,26,2026-03-12 07:41:50.874000+00:00,real,,0,23.0647285,72.4390715
69b26e44038302abb38094ee,80,31.4,48.8,26,26,2026-03-12 07:41:56.018000+00:00,real,,0,23.0647285,72.4390715
69b26e48038302abb38094f0,80,31.5,47.8,26,26,2026-03-12 07:42:00.912000+00:00,real,,0,23.0647285,72.4390715
69b26e4d038302abb38094f2,80,32.1,47.5,26,26,2026-03-12 07:42:05.834000+00:00,real,,0,23.0647285,72.4390715
69b26e52038302abb38094f4,80,32.7,48.1,26,26,2026-03-12 07:42:10.963000+00:00,real,,0,23.0647285,72.4390715
69b26e58038302abb38094f6,80,32.6,48.7,26,26,2026-03-12 07:42:16.070000+00:00,real,,0,23.0647285,72.4390715
69b26e5c038302abb38094f8,80,33.0,48.7,26,26,2026-03-12 07:42:20.995000+00:00,real,,0,23.0647285,72.4390715
69b26e61038302abb38094fa,80,33.4,48.9,26,26,2026-03-12 07:42:25.915000+00:00,real,,0,23.0647285,72.4390715
69b26e66038302abb38094fc,80,33.6,47.9,26,26,2026-03-12 07:42:30.826000+00:00,real,,0,23.0647285,72.4390715
69b26e6b038302abb38094fe,80,33.6,47.4,26,26,2026-03-12 07:42:35.946000+00:00,real,,0,23.0647285,72.4390715
69b26e70038302abb3809500,80,33.7,46.3,26,26,2026-03-12 07:42:40.846000+00:00,real,,0,23.0647285,72.4390715
69b26e76038302abb3809502,80,33.9,45.5,26,26,2026-03-12 07:42:46.337000+00:00,real,,0,23.0647285,72.4390715
69b26e7a038302abb3809504,80,34.0,45.2,26,26,2026-03-12 07:42:50.934000+00:00,real,,0,23.0647285,72.4390715
69b26e80038302abb3809506,80,34.1,45.5,26,26,2026-03-12 07:42:56.061000+00:00,real,,0,23.0647285,72.4390715
69b26e84038302abb3809508,80,34.4,45.3,26,26,2026-03-12 07:43:00.996000+00:00,real,,0,23.0647285,72.4390715
69b26e89038302abb380950a,80,34.6,44.5,26,26,2026-03-12 07:43:05.846000+00:00,real,,0,23.0647285,72.4390715
69b26e8e038302abb380950c,80,35.1,44.3,26,26,2026-03-12 07:43:10.975000+00:00,real,,0,23.0647285,72.4390715
69b26e93038302abb380950e,80,35.4,44.1,26,26,2026-03-12 07:43:15.920000+00:00,real,,0,23.0647285,72.4390715
69b26e99038302abb3809510,80,35.5,43.8,26,26,2026-03-12 07:43:21.035000+00:00,real,,0,23.0647285,72.4390715
69b26e9d038302abb3809512,80,35.9,44.0,26,26,2026-03-12 07:43:25.908000+00:00,real,,0,23.0647285,72.4390715
69b26ea2038302abb3809514,80,35.9,43.6,26,26,2026-03-12 07:43:30.824000+00:00,real,,0,23.0647285,72.4390715
69b26ea8038302abb3809516,80,36.0,43.3,26,26,2026-03-12 07:43:36.132000+00:00,real,,0,23.0647285,72.4390715
69b26eac038302abb3809518,80,36.0,42.1,26,26,2026-03-12 07:43:40.865000+00:00,real,,0,23.0647285,72.4390715
69b26eb1038302abb380951a,80,36.2,42.9,26,26,2026-03-12 07:43:45.983000+00:00,real,,0,23.0647285,72.4390715
69b26eb6038302abb380951c,80,35.9,42.4,26,26,2026-03-12 07:43:50.916000+00:00,real,,0,23.0647285,72.4390715
69b26ebb038302abb380951e,80,35.7,42.3,26,26,2026-03-12 07:43:55.818000+00:00,real,,0,23.0647285,72.4390715
69b26ec0038302abb3809520,80,35.8,42.8,26,26,2026-03-12 07:44:00.975000+00:00,real,,0,23.0647285,72.4390715
69b26ec5038302abb3809522,80,36.2,42.6,26,26,2026-03-12 07:44:05.851000+00:00,real,,0,23.0647285,72.4390715
69b26eca038302abb3809524,80,36.3,42.5,26,26,2026-03-12 07:44:10.962000+00:00,real,,0,23.0647285,72.4390715
69b26ecf038302abb3809526,80,36.0,41.8,26,26,2026-03-12 07:44:15.916000+00:00,real,,0,23.0647285,72.4390715
69b26ed4038302abb3809528,80,35.8,41.7,26,26,2026-03-12 07:44:20.993000+00:00,real,,0,23.0647285,72.4390715
69b26eda038302abb380952a,80,35.7,42.3,26,26,2026-03-12 07:44:26.114000+00:00,real,,0,23.0647285,72.4390715
69b26ede038302abb380952c,80,35.7,42.7,26,26,2026-03-12 07:44:30.914000+00:00,real,,0,23.0647285,72.4390715
69b26ee3038302abb380952e,80,35.6,42.3,26,26,2026-03-12 07:44:35.970000+00:00,real,,0,23.0647285,72.4390715
69b26ee8038302abb3809530,80,35.5,42.1,26,26,2026-03-12 07:44:40.867000+00:00,real,,0,23.0647285,72.4390715
69b26eee038302abb3809532,80,35.5,42.1,26,26,2026-03-12 07:44:46.024000+00:00,real,,0,23.0647285,72.4390715
69b26ef2038302abb3809534,80,35.5,42.6,26,26,2026-03-12 07:44:50.916000+00:00,real,,0,23.0647285,72.4390715
69b26ef8038302abb3809536,80,35.5,42.3,26,26,2026-03-12 07:44:56.034000+00:00,real,,0,23.0647285,72.4390715
69b26efc038302abb3809538,80,35.5,42.0,26,26,2026-03-12 07:45:00.943000+00:00,real,,0,23.0647285,72.4390715
69b26f01038302abb380953a,80,35.5,42.1,26,26,2026-03-12 07:45:05.847000+00:00,real,,0,23.0647285,72.4390715
69b26f07038302abb380953c,80,35.5,42.2,26,26,2026-03-12 07:45:11.005000+00:00,real,,0,23.0647285,72.4390715
69b26fa8038302abb3809544,63,35.4,40.7,18,18,2026-03-12 07:47:52.122000+00:00,real,,0,23.0647285,72.4390715
69b26fa8038302abb3809546,63,35.4,40.7,18,18,2026-03-12 07:47:52.178000+00:00,real,,0,23.0647285,72.4390715
69b26fa8038302abb3809548,63,35.4,40.7,18,18,2026-03-12 07:47:52.198000+00:00,real,,0,23.0647285,72.4390715
69b26fab038302abb380954a,119,35.4,40.6,43,43,2026-03-12 07:47:55.871000+00:00,real,,0,23.0647285,72.4390715
69b26fb1038302abb380954c,124,35.5,41.5,45,45,2026-03-12 07:48:01.142000+00:00,real,,0,23.0647285,72.4390715
69b26fb5038302abb380954e,95,35.5,41.3,33,33,2026-03-12 07:48:05.850000+00:00,real,,0,23.0647285,72.4390715
69b26fba038302abb3809550,95,35.5,41.4,33,33,2026-03-12 07:48:10.976000+00:00,real,,0,23.0647285,72.4390715
69b26fbf038302abb3809552,95,35.6,41.5,33,33,2026-03-12 07:48:15.895000+00:00,real,,0,23.0647285,72.4390715
69b26fc4038302abb3809554,97,35.6,41.4,34,34,2026-03-12 07:48:20.800000+00:00,real,,0,23.0647285,72.4390715
69b26fc9038302abb3809556,97,35.7,41.8,34,34,2026-03-12 07:48:25.928000+00:00,real,,0,23.0647285,72.4390715
69b26fce038302abb3809558,97,35.8,41.7,34,34,2026-03-12 07:48:30.867000+00:00,real,,0,23.0647285,72.4390715
69b26fd3038302abb380955a,99,35.8,41.4,35,35,2026-03-12 07:48:35.978000+00:00,real,,0,23.0647285,72.4390715
69b26fd8038302abb380955c,99,35.9,41.2,35,35,2026-03-12 07:48:40.886000+00:00,real,,0,23.0647285,72.4390715
69b26fde038302abb380955e,99,35.9,41.2,35,35,2026-03-12 07:48:46.004000+00:00,real,,0,23.0647285,72.4390715
69b26fe2038302abb3809560,97,36.0,41.3,34,34,2026-03-12 07:48:50.916000+00:00,real,,0,23.0647285,72.4390715
69b26fe7038302abb3809562,97,36.0,41.6,34,34,2026-03-12 07:48:55.886000+00:00,real,,0,23.0647285,72.4390715
69b26fec038302abb3809564,97,35.9,41.5,34,34,2026-03-12 07:49:00.948000+00:00,real,,0,23.0647285,72.4390715
69b26ff1038302abb3809566,97,35.8,41.5,34,34,2026-03-12 07:49:05.869000+00:00,real,,0,23.0647285,72.4390715
69b26ff6038302abb3809568,97,35.8,41.6,34,34,2026-03-12 07:49:10.989000+00:00,real,,0,23.0647285,72.4390715
69b26ffb038302abb380956a,97,35.6,41.8,34,34,2026-03-12 07:49:15.911000+00:00,real,,0,23.0647285,72.4390715
69b27000038302abb380956c,97,35.5,41.7,34,34,2026-03-12 07:49:20.914000+00:00,real,,0,23.0647285,72.4390715
69b27006038302abb380956e,97,35.5,41.9,34,34,2026-03-12 07:49:26.053000+00:00,real,,0,23.0647285,72.4390715
69b2700a038302abb3809570,97,35.5,41.9,34,34,2026-03-12 07:49:30.949000+00:00,real,,0,23.0647285,72.4390715
69b2700f038302abb3809572,97,35.5,42.0,34,34,2026-03-12 07:49:35.974000+00:00,real,,0,23.0647285,72.4390715
69b27015038302abb3809574,97,35.5,41.9,34,34,2026-03-12 07:49:41.118000+00:00,real,,0,23.0647285,72.4390715
69b27019038302abb3809576,97,35.4,41.8,34,34,2026-03-12 07:49:45.802000+00:00,real,,0,23.0647285,72.4390715
69b2701e038302abb3809578,97,35.4,41.8,34,34,2026-03-12 07:49:50.960000+00:00,real,,0,23.0647285,72.4390715
69b27023038302abb380957a,97,35.4,41.7,34,34,2026-03-12 07:49:55.837000+00:00,real,,0,23.0647285,72.4390715
69b27028038302abb380957c,97,35.3,41.7,34,34,2026-03-12 07:50:00.952000+00:00,real,,0,23.0647285,72.4390715
69b2702d038302abb380957e,97,35.3,42.0,34,34,2026-03-12 07:50:05.862000+00:00,real,,0,23.0647285,72.4390715
69b27032038302abb3809580,97,35.2,42.2,34,34,2026-03-12 07:50:10.985000+00:00,real,,0,23.0647285,72.4390715
69b27037038302abb3809582,97,35.2,42.2,34,34,2026-03-12 07:50:15.903000+00:00,real,,0,23.0647285,72.4390715
69b2703c038302abb3809584,97,35.1,42.3,34,34,2026-03-12 07:50:20.823000+00:00,real,,0,23.0647285,72.4390715
69b27041038302abb3809586,97,35.0,42.5,34,34,2026-03-12 07:50:25.979000+00:00,real,,0,23.0647285,72.4390715
69b27046038302abb3809588,97,34.8,42.1,34,34,2026-03-12 07:50:30.847000+00:00,real,,0,23.0647285,72.4390715
69b2704b038302abb380958a,97,34.8,41.9,34,34,2026-03-12 07:50:35.981000+00:00,real,,0,23.0647285,72.4390715
69b27050038302abb380958c,97,34.8,41.9,34,34,2026-03-12 07:50:40.882000+00:00,real,,0,23.0647285,72.4390715
69b27056038302abb380958e,97,34.8,41.6,34,34,2026-03-12 07:50:46.041000+00:00,real,,0,23.0647285,72.4390715
69b2705a038302abb3809590,97,34.8,41.5,34,34,2026-03-12 07:50:50.936000+00:00,real,,0,23.0647285,72.4390715
69b2705f038302abb3809592,97,34.8,41.6,34,34,2026-03-12 07:50:55.832000+00:00,real,,0,23.0647285,72.4390715
69b27064038302abb3809594,97,34.8,41.6,34,34,2026-03-12 07:51:00.959000+00:00,real,,0,23.0647285,72.4390715
69b27069038302abb3809596,97,34.8,41.6,34,34,2026-03-12 07:51:05.883000+00:00,real,,0,23.0647285,72.4390715
69b2706f038302abb3809598,97,34.9,41.9,34,34,2026-03-12 07:51:11.014000+00:00,real,,0,23.0647285,72.4390715
69b27073038302abb380959a,97,35.0,41.9,34,34,2026-03-12 07:51:15.908000+00:00,real,,0,23.0647285,72.4390715
69b27078038302abb380959c,97,35.0,41.8,34,34,2026-03-12 07:51:20.913000+00:00,real,,0,23.0647285,72.4390715
69b2707d038302abb380959e,97,35.0,41.8,34,34,2026-03-12 07:51:25.958000+00:00,real,,0,23.0647285,72.4390715
69b27082038302abb38095a0,97,35.0,41.9,34,34,2026-03-12 07:51:30.913000+00:00,real,,0,23.0647285,72.4390715
69b27088038302abb38095a2,97,35.1,42.0,34,34,2026-03-12 07:51:36.039000+00:00,real,,0,23.0647285,72.4390715
69b2708c038302abb38095a4,97,35.1,42.2,34,34,2026-03-12 07:51:40.891000+00:00,real,,0,23.0647285,72.4390715
69b27091038302abb38095a6,97,35.1,42.6,34,34,2026-03-12 07:51:45.807000+00:00,real,,0,23.0647285,72.4390715
69b27096038302abb38095a8,97,35.1,42.8,34,34,2026-03-12 07:51:50.929000+00:00,real,,0,23.0647285,72.4390715
69b2709b038302abb38095aa,97,35.1,42.7,34,34,2026-03-12 07:51:55.838000+00:00,real,,0,23.0647285,72.4390715
69b270a0038302abb38095ac,97,35.2,42.5,34,34,2026-03-12 07:52:00.974000+00:00,real,,0,23.0647285,72.4390715
69b270a5038302abb38095ae,97,35.3,42.7,34,34,2026-03-12 07:52:05.884000+00:00,real,,0,23.0647285,72.4390715
69b270aa038302abb38095b0,97,35.3,42.9,34,34,2026-03-12 07:52:10.997000+00:00,real,,0,23.0647285,72.4390715
69b270af038302abb38095b2,97,35.3,42.1,34,34,2026-03-12 07:52:15.924000+00:00,real,,0,23.0647285,72.4390715
69b270b4038302abb38095b4,97,35.3,41.6,34,34,2026-03-12 07:52:20.839000+00:00,real,,0,23.0647285,72.4390715
69b270ba038302abb38095b6,97,35.4,41.6,34,34,2026-03-12 07:52:26.158000+00:00,real,,0,23.0647285,72.4390715
69b270be038302abb38095b8,97,35.4,40.1,34,34,2026-03-12 07:52:30.867000+00:00,real,,0,23.0647285,72.4390715
69b270c4038302abb38095ba,97,35.4,41.5,34,34,2026-03-12 07:52:36.016000+00:00,real,,0,23.0647285,72.4390715
69b270c8038302abb38095bc,97,35.4,41.7,34,34,2026-03-12 07:52:40.904000+00:00,real,,0,23.0647285,72.4390715
69b270cd038302abb38095be,97,35.5,41.7,34,34,2026-03-12 07:52:45.822000+00:00,real,,0,23.0647285,72.4390715
69b270d2038302abb38095c0,97,35.5,41.9,34,34,2026-03-12 07:52:50.949000+00:00,real,,0,23.0647285,72.4390715
69b270d8038302abb38095c2,97,35.5,41.9,34,34,2026-03-12 07:52:56.058000+00:00,real,,0,23.0647285,72.4390715
69b270dc038302abb38095c4,97,35.5,41.7,34,34,2026-03-12 07:53:00.960000+00:00,real,,0,23.0647285,72.4390715
69b270e1038302abb38095c6,97,35.5,41.7,34,34,2026-03-12 07:53:05.900000+00:00,real,,0,23.0647285,72.4390715
69b270e6038302abb38095c8,97,35.5,41.8,34,34,2026-03-12 07:53:10.802000+00:00,real,,0,23.0647285,72.4390715
69b270eb038302abb38095ca,97,35.5,41.9,34,34,2026-03-12 07:53:15.919000+00:00,real,,0,23.0647285,72.4390715
69b270f0038302abb38095cc,97,35.5,42.1,34,34,2026-03-12 07:53:20.841000+00:00,real,,0,23.0647285,72.4390715
69b270f5038302abb38095ce,97,35.5,42.4,34,34,2026-03-12 07:53:25.954000+00:00,real,,0,23.0647285,72.4390715
69b270fa038302abb38095d0,97,35.4,42.2,34,34,2026-03-12 07:53:30.865000+00:00,real,,0,23.0647285,72.4390715
69b270ff038302abb38095d2,97,35.4,42.0,34,34,2026-03-12 07:53:35.990000+00:00,real,,0,23.0647285,72.4390715
69b27104038302abb38095d4,97,35.3,42.2,34,34,2026-03-12 07:53:40.969000+00:00,real,,0,23.0647285,72.4390715
69b27109038302abb38095d6,97,35.3,42.3,34,34,2026-03-12 07:53:45.842000+00:00,real,,0,23.0647285,72.4390715
69b2710e038302abb38095d8,97,35.3,42.8,34,34,2026-03-12 07:53:50.953000+00:00,real,,0,23.0647285,72.4390715
69b27113038302abb38095da,97,35.3,42.9,34,34,2026-03-12 07:53:55.866000+00:00,real,,0,23.0647285,72.4390715
69b27119038302abb38095dc,97,35.4,43.1,34,34,2026-03-12 07:54:01.013000+00:00,real,,0,23.0647285,72.4390715
69b2711d038302abb38095de,97,35.7,43.6,34,34,2026-03-12 07:54:05.893000+00:00,real,,0,23.0647285,72.4390715
69b27122038302abb38095e0,97,35.5,43.8,34,34,2026-03-12 07:54:10.824000+00:00,real,,0,23.0647285,72.4390715
69b27127038302abb38095e2,97,35.4,43.1,34,34,2026-03-12 07:54:15.942000+00:00,real,,0,23.0647285,72.4390715
69b2712c038302abb38095e4,97,35.4,43.6,34,34,2026-03-12 07:54:20.848000+00:00,real,,0,23.0647285,72.4390715
69b27132038302abb38095e6,97,35.5,44.7,34,34,2026-03-12 07:54:26.007000+00:00,real,,0,23.0647285,72.4390715
69b27136038302abb38095e8,97,35.8,43.8,34,34,2026-03-12 07:54:30.885000+00:00,real,,0,23.0647285,72.4390715
69b2713b038302abb38095ea,97,36.0,43.4,34,34,2026-03-12 07:54:35.996000+00:00,real,,0,23.0647285,72.4390715
69b27140038302abb38095ec,97,36.0,42.9,34,34,2026-03-12 07:54:40.907000+00:00,real,,0,23.0647285,72.4390715
69b27145038302abb38095ee,97,36.3,43.0,34,34,2026-03-12 07:54:45.838000+00:00,real,,0,23.0647285,72.4390715
69b2714a038302abb38095f0,97,36.5,43.0,34,34,2026-03-12 07:54:50.978000+00:00,real,,0,23.0647285,72.4390715
69b2714f038302abb38095f2,97,36.7,43.0,34,34,2026-03-12 07:54:55.862000+00:00,real,,0,23.0647285,72.4390715
69b27154038302abb38095f4,97,36.9,42.6,34,34,2026-03-12 07:55:00.985000+00:00,real,,0,23.0647285,72.4390715
69b27159038302abb38095f6,97,36.9,42.1,34,34,2026-03-12 07:55:05.888000+00:00,real,,0,23.0647285,72.4390715
69b2715e038302abb38095f8,97,37.0,42.2,34,34,2026-03-12 07:55:10.820000+00:00,real,,0,23.0647285,72.4390715
69b27163038302abb38095fa,97,37.0,42.1,34,34,2026-03-12 07:55:15.930000+00:00,real,,0,23.0647285,72.4390715
69b27168038302abb38095fc,97,37.1,42.0,34,34,2026-03-12 07:55:20.841000+00:00,real,,0,23.0647285,72.4390715
69b2716e038302abb38095fe,97,37.4,41.6,34,34,2026-03-12 07:55:26.079000+00:00,real,,0,23.0647285,72.4390715
69b27172038302abb3809600,97,37.4,41.4,34,34,2026-03-12 07:55:30.881000+00:00,real,,0,23.0647285,72.4390715
69b27178038302abb3809602,97,37.1,41.3,34,34,2026-03-12 07:55:36.030000+00:00,real,,0,23.0647285,72.4390715
69b2717c038302abb3809604,97,37.5,41.2,34,34,2026-03-12 07:55:40.913000+00:00,real,,0,23.0647285,72.4390715
69b27181038302abb3809606,97,37.8,40.9,34,34,2026-03-12 07:55:45.865000+00:00,real,,0,23.0647285,72.4390715
69b27186038302abb3809608,97,38.0,41.1,34,34,2026-03-12 07:55:50.956000+00:00,real,,0,23.0647285,72.4390715
69b2718b038302abb380960a,97,38.3,42.3,34,34,2026-03-12 07:55:55.897000+00:00,real,,0,23.0647285,72.4390715
69b27191038302abb380960c,97,38.3,41.7,34,34,2026-03-12 07:56:01.022000+00:00,real,,0,23.0647285,72.4390715
69b27195038302abb380960e,97,38.2,41.4,34,34,2026-03-12 07:56:05.906000+00:00,real,,0,23.0647285,72.4390715
69b2719a038302abb3809610,97,37.9,41.3,34,34,2026-03-12 07:56:10.821000+00:00,real,,0,23.0647285,72.4390715
69b2719f038302abb3809612,97,38.1,41.0,34,34,2026-03-12 07:56:15.939000+00:00,real,,0,23.0647285,72.4390715
69b271a4038302abb3809614,97,38.1,40.2,34,34,2026-03-12 07:56:20.849000+00:00,real,,0,23.0647285,72.4390715
69b271a9038302abb3809616,97,38.0,39.8,34,34,2026-03-12 07:56:25.967000+00:00,real,,0,23.0647285,72.4390715
69b271ae038302abb3809618,97,37.7,39.4,34,34,2026-03-12 07:56:30.884000+00:00,real,,0,23.0647285,72.4390715
69b271b4038302abb380961a,97,37.6,39.5,34,34,2026-03-12 07:56:36.061000+00:00,real,,0,23.0647285,72.4390715
69b271b8038302abb380961c,97,38.0,39.3,34,34,2026-03-12 07:56:40.915000+00:00,real,,0,23.0647285,72.4390715
69b271bd038302abb380961e,97,38.4,39.2,34,34,2026-03-12 07:56:45.830000+00:00,real,,0,23.0647285,72.4390715
69b271c2038302abb3809620,97,38.6,39.3,34,34,2026-03-12 07:56:50.969000+00:00,real,,0,23.0647285,72.4390715
69b271c7038302abb3809622,97,38.8,40.7,34,34,2026-03-12 07:56:55.874000+00:00,real,,0,23.0647285,72.4390715
69b271cc038302abb3809624,97,38.7,40.7,34,34,2026-03-12 07:57:00.989000+00:00,real,,0,23.0647285,72.4390715
69b271d2038302abb3809626,97,38.9,39.9,34,34,2026-03-12 07:57:06.032000+00:00,real,,0,23.0647285,72.4390715
69b271d6038302abb3809628,97,39.1,37.6,34,34,2026-03-12 07:57:10.815000+00:00,real,,0,23.0647285,72.4390715
69b271db038302abb380962a,97,39.3,38.7,34,34,2026-03-12 07:57:15.940000+00:00,real,,0,23.0647285,72.4390715
69b271e0038302abb380962c,97,39.5,40.1,34,34,2026-03-12 07:57:20.856000+00:00,real,,0,23.0647285,72.4390715
69b271e5038302abb380962e,97,39.3,40.3,34,34,2026-03-12 07:57:25.978000+00:00,real,,0,23.0647285,72.4390715
69b271ea038302abb3809630,97,39.2,39.3,34,34,2026-03-12 07:57:30.995000+00:00,real,,0,23.0647285,72.4390715
69b271ef038302abb3809632,97,38.9,40.6,34,34,2026-03-12 07:57:35.807000+00:00,real,,0,23.0647285,72.4390715
69b271f4038302abb3809634,97,38.8,42.3,34,34,2026-03-12 07:57:40.928000+00:00,real,,0,23.0647285,72.4390715
69b271f9038302abb3809636,97,38.7,47.1,34,34,2026-03-12 07:57:45.840000+00:00,real,,0,23.0647285,72.4390715
69b271fe038302abb3809638,97,38.9,49.5,34,34,2026-03-12 07:57:50.965000+00:00,real,,0,23.0647285,72.4390715
69b27203038302abb380963a,97,38.9,48.7,34,34,2026-03-12 07:57:55.867000+00:00,real,,0,23.0647285,72.4390715
69b27209038302abb380963c,97,39.0,48.1,34,34,2026-03-12 07:58:01.034000+00:00,real,,0,23.0647285,72.4390715
69b2720d038302abb380963e,97,39.1,46.8,34,34,2026-03-12 07:58:05.908000+00:00,real,,0,23.0647285,72.4390715
69b27212038302abb3809640,97,39.2,45.6,34,34,2026-03-12 07:58:10.834000+00:00,real,,0,23.0647285,72.4390715
69b27217038302abb3809642,97,39.2,44.9,34,34,2026-03-12 07:58:15.952000+00:00,real,,0,23.0647285,72.4390715
69b2721c038302abb3809644,97,39.2,44.8,34,34,2026-03-12 07:58:20.867000+00:00,real,,0,23.0647285,72.4390715
69b27221038302abb3809646,97,39.3,43.8,34,34,2026-03-12 07:58:25.982000+00:00,real,,0,23.0647285,72.4390715
69b27226038302abb3809648,97,39.3,43.5,34,34,2026-03-12 07:58:30.895000+00:00,real,,0,23.0647285,72.4390715
69b2722c038302abb380964a,97,39.3,43.0,34,34,2026-03-12 07:58:36.016000+00:00,real,,0,23.0647285,72.4390715
69b27230038302abb380964c,97,39.4,42.2,34,34,2026-03-12 07:58:40.931000+00:00,real,,0,23.0647285,72.4390715
69b27235038302abb380964e,97,39.5,42.3,34,34,2026-03-12 07:58:45.846000+00:00,real,,0,23.0647285,72.4390715
69b2723a038302abb3809650,97,39.7,42.1,34,34,2026-03-12 07:58:50.969000+00:00,real,,0,23.0647285,72.4390715
69b2723f038302abb3809652,97,39.8,41.9,34,34,2026-03-12 07:58:55.887000+00:00,real,,0,23.0647285,72.4390715
69b27245038302abb3809654,97,39.8,41.4,34,34,2026-03-12 07:59:01.005000+00:00,real,,0,23.0647285,72.4390715
69b27249038302abb3809656,97,39.8,40.6,34,34,2026-03-12 07:59:05.915000+00:00,real,,0,23.0647285,72.4390715
69b2724e038302abb3809658,97,39.9,40.5,34,34,2026-03-12 07:59:10.835000+00:00,real,,0,23.0647285,72.4390715
69b27253038302abb380965a,97,39.9,40.8,34,36,2026-03-12 07:59:15.955000+00:00,real,,0,23.0647285,72.4390715
69b27258038302abb380965c,97,39.7,40.6,34,36,2026-03-12 07:59:20.864000+00:00,real,,0,23.0647285,72.4390715
69b2725d038302abb380965e,95,39.7,39.6,33,35,2026-03-12 07:59:25.982000+00:00,real,,0,23.0647285,72.4390715
69b27262038302abb3809660,95,39.7,39.6,33,35,2026-03-12 07:59:30.948000+00:00,real,,0,23.0647285,72.4390715
69b27267038302abb3809662,95,39.5,39.8,33,35,2026-03-12 07:59:35.821000+00:00,real,,0,23.0647285,72.4390715
69b2726c038302abb3809664,95,39.4,39.7,33,35,2026-03-12 07:59:40.936000+00:00,real,,0,23.0647285,72.4390715
69b27271038302abb3809666,95,39.3,39.8,33,35,2026-03-12 07:59:45.851000+00:00,real,,0,23.0647285,72.4390715
69b27276038302abb3809668,95,39.3,39.1,33,35,2026-03-12 07:59:50.979000+00:00,real,,0,23.0647285,72.4390715
69b2727c038302abb380966a,95,39.2,38.9,33,35,2026-03-12 07:59:56.114000+00:00,real,,0,23.0647285,72.4390715
69b27281038302abb380966c,95,39.1,38.0,33,35,2026-03-12 08:00:01.003000+00:00,real,,0,23.0647285,72.4390715
69b27285038302abb380966e,95,38.9,37.3,33,35,2026-03-12 08:00:05.922000+00:00,real,,0,23.0647285,72.4390715
69b2728a038302abb3809670,95,38.7,38.3,33,35,2026-03-12 08:00:10.837000+00:00,real,,0,23.0647285,72.4390715
69b2728f038302abb3809672,95,38.6,40.3,33,35,2026-03-12 08:00:15.953000+00:00,real,,0,23.0647285,72.4390715
69b27294038302abb3809674,95,38.5,42.1,33,35,2026-03-12 08:00:20.874000+00:00,real,,0,23.0647285,72.4390715
69b2729a038302abb3809676,95,38.4,42.7,33,35,2026-03-12 08:00:26.002000+00:00,real,,0,23.0647285,72.4390715
69b2729e038302abb3809678,95,38.3,41.3,33,35,2026-03-12 08:00:30.906000+00:00,real,,0,23.0647285,72.4390715
69b272a3038302abb380967a,95,38.1,40.7,33,35,2026-03-12 08:00:35.829000+00:00,real,,0,23.0647285,72.4390715
69b272a8038302abb380967c,95,38.1,43.3,33,35,2026-03-12 08:00:40.967000+00:00,real,,0,23.0647285,72.4390715
69b272ad038302abb380967e,95,38.1,39.7,33,35,2026-03-12 08:00:45.856000+00:00,real,,0,23.0647285,72.4390715
69b272b3038302abb3809680,95,38.1,39.1,33,35,2026-03-12 08:00:51.184000+00:00,real,,0,23.0647285,72.4390715
69b272b7038302abb3809682,95,38.0,38.0,33,35,2026-03-12 08:00:55.910000+00:00,real,,0,23.0647285,72.4390715
69b272bc038302abb3809684,95,38.2,37.7,33,35,2026-03-12 08:01:00.820000+00:00,real,,0,23.0647285,72.4390715
69b272c2038302abb3809686,95,37.5,37.5,33,35,2026-03-12 08:01:06.132000+00:00,real,,0,23.0647285,72.4390715
69b272c6038302abb3809688,95,37.3,37.3,33,35,2026-03-12 08:01:10.840000+00:00,real,,0,23.0647285,72.4390715
69b272cb038302abb380968a,95,37.2,37.4,33,35,2026-03-12 08:01:15.966000+00:00,real,,0,23.0647285,72.4390715
69b272d0038302abb380968c,95,37.0,39.1,33,35,2026-03-12 08:01:20.880000+00:00,real,,0,23.0647285,72.4390715
69b272d5038302abb380968e,95,37.0,40.9,33,35,2026-03-12 08:01:25.996000+00:00,real,,0,23.0647285,72.4390715
69b272da038302abb3809690,95,37.0,41.6,33,35,2026-03-12 08:01:30.916000+00:00,real,,0,23.0647285,72.4390715
69b272df038302abb3809692,95,37.0,41.5,33,35,2026-03-12 08:01:35.819000+00:00,real,,0,23.0647285,72.4390715
69b272e4038302abb3809694,95,37.0,41.2,33,35,2026-03-12 08:01:40.948000+00:00,real,,0,23.0647285,72.4390715
69b272e9038302abb3809696,95,37.0,40.6,33,35,2026-03-12 08:01:45.855000+00:00,real,,0,23.0647285,72.4390715
69b272ee038302abb3809698,95,37.1,41.8,33,35,2026-03-12 08:01:50.980000+00:00,real,,0,23.0647285,72.4390715
69b272f3038302abb380969a,99,37.0,40.6,35,37,2026-03-12 08:01:55.893000+00:00,real,,0,23.0647285,72.4390715
69b272f8038302abb380969c,99,37.0,41.4,35,38,2026-03-12 08:02:00.811000+00:00,real,,0,23.0647285,72.4390715
69b272fd038302abb380969e,99,37.0,41.4,35,38,2026-03-12 08:02:05.936000+00:00,real,,0,23.0647285,72.4390715
69b27302038302abb38096a0,99,37.0,41.1,35,38,2026-03-12 08:02:10.839000+00:00,real,,0,23.0647285,72.4390715
69b27307038302abb38096a2,99,36.9,40.5,35,38,2026-03-12 08:02:15.968000+00:00,real,,0,23.0647285,72.4390715
69b2730c038302abb38096a4,99,37.0,39.9,35,38,2026-03-12 08:02:20.877000+00:00,real,,0,23.0647285,72.4390715
69b27311038302abb38096a6,99,37.0,39.7,35,38,2026-03-12 08:02:25.866000+00:00,real,,0,23.0647285,72.4390715
69b27316038302abb38096a8,99,37.0,40.1,35,38,2026-03-12 08:02:30.922000+00:00,real,,0,23.0647285,72.4390715
69b2731b038302abb38096aa,99,37.0,40.1,35,38,2026-03-12 08:02:35.858000+00:00,real,,0,23.0647285,72.4390715
69b27320038302abb38096ac,99,37.0,40.5,35,38,2026-03-12 08:02:40.958000+00:00,real,,0,23.0647285,72.4390715
69b27325038302abb38096ae,99,37.0,40.8,35,38,2026-03-12 08:02:45.865000+00:00,real,,0,23.0647285,72.4390715
69b2732b038302abb38096b0,99,37.0,40.5,35,38,2026-03-12 08:02:51.002000+00:00,real,,0,23.0647285,72.4390715
69b2732f038302abb38096b2,99,37.0,40.5,35,38,2026-03-12 08:02:55.897000+00:00,real,,0,23.0647285,72.4390715
69b27334038302abb38096b4,99,37.0,40.2,35,38,2026-03-12 08:03:00.820000+00:00,real,,0,23.0647285,72.4390715
69b27339038302abb38096b6,99,37.0,40.4,35,38,2026-03-12 08:03:05.936000+00:00,real,,0,23.0647285,72.4390715
69b2733e038302abb38096b8,99,37.0,40.6,35,38,2026-03-12 08:03:10.846000+00:00,real,,0,23.0647285,72.4390715
69b27343038302abb38096ba,99,37.1,41.0,35,38,2026-03-12 08:03:15.976000+00:00,real,,0,23.0647285,72.4390715
69b27348038302abb38096bc,99,37.1,40.2,35,38,2026-03-12 08:03:20.885000+00:00,real,,0,23.0647285,72.4390715
69b2734e038302abb38096be,99,37.1,40.0,35,38,2026-03-12 08:03:26.012000+00:00,real,,0,23.0647285,72.4390715
69b27352038302abb38096c0,99,37.1,40.0,35,38,2026-03-12 08:03:30.922000+00:00,real,,0,23.0647285,72.4390715
69b27357038302abb38096c2,99,37.1,40.1,35,38,2026-03-12 08:03:35.885000+00:00,real,,0,23.0647285,72.4390715
69b2735c038302abb38096c4,99,37.1,39.7,35,38,2026-03-12 08:03:40.852000+00:00,real,,0,23.0647285,72.4390715
69b27361038302abb38096c6,99,37.0,39.4,35,38,2026-03-12 08:03:45.873000+00:00,real,,0,23.0647285,72.4390715
69b27366038302abb38096c8,99,37.0,39.9,35,38,2026-03-12 08:03:50.989000+00:00,real,,0,23.0647285,72.4390715
69b2736b038302abb38096ca,99,37.0,39.7,35,38,2026-03-12 08:03:55.907000+00:00,real,,0,23.0647285,72.4390715
69b27371038302abb38096cc,99,37.0,39.6,35,38,2026-03-12 08:04:01.037000+00:00,real,,0,23.0647285,72.4390715
69b27375038302abb38096ce,99,37.0,39.4,35,38,2026-03-12 08:04:05.935000+00:00,real,,0,23.0647285,72.4390715
69b2737a038302abb38096d0,99,37.0,39.5,35,38,2026-03-12 08:04:10.856000+00:00,real,,0,23.0647285,72.4390715
69b2737f038302abb38096d2,99,37.0,39.7,35,38,2026-03-12 08:04:15.976000+00:00,real,,0,23.0647285,72.4390715
69b27384038302abb38096d4,99,37.0,40.4,35,38,2026-03-12 08:04:20.909000+00:00,real,,0,23.0647285,72.4390715
69b27389038302abb38096d6,107,37.0,40.4,38,40,2026-03-12 08:04:25.820000+00:00,real,,0,23.0647285,72.4390715
69b2738e038302abb38096d8,107,37.1,40.6,38,40,2026-03-12 08:04:30.929000+00:00,real,,0,23.0647285,72.4390715
69b27393038302abb38096da,107,37.1,40.6,38,40,2026-03-12 08:04:35.858000+00:00,real,,0,23.0647285,72.4390715
69b27398038302abb38096dc,107,37.1,39.7,38,40,2026-03-12 08:04:40.976000+00:00,real,,0,23.0647285,72.4390715
69b2739d038302abb38096de,107,37.2,39.5,38,40,2026-03-12 08:04:45.878000+00:00,real,,0,23.0647285,72.4390715
69b273a3038302abb38096e0,107,37.2,39.2,38,40,2026-03-12 08:04:51.025000+00:00,real,,0,23.0647285,72.4390715
69b273a7038302abb38096e2,107,37.2,39.6,38,40,2026-03-12 08:04:55.911000+00:00,real,,0,23.0647285,72.4390715
69b273ac038302abb38096e4,107,37.2,39.7,38,40,2026-03-12 08:05:00.834000+00:00,real,,0,23.0647285,72.4390715
69b273b1038302abb38096e6,107,37.2,39.9,38,40,2026-03-12 08:05:05.950000+00:00,real,,0,23.0647285,72.4390715
69b273b6038302abb38096e8,107,37.2,39.9,38,40,2026-03-12 08:05:10.861000+00:00,real,,0,23.0647285,72.4390715
69b273bb038302abb38096ea,107,37.2,43.4,38,40,2026-03-12 08:05:15.985000+00:00,real,,0,23.0647285,72.4390715
69b273c0038302abb38096ec,107,37.2,41.0,38,40,2026-03-12 08:05:20.904000+00:00,real,,0,23.0647285,72.4390715
69b273c5038302abb38096ee,107,37.2,39.8,38,40,2026-03-12 08:05:25.812000+00:00,real,,0,23.0647285,72.4390715
69b273cb038302abb38096f0,107,37.2,39.6,38,40,2026-03-12 08:05:31.051000+00:00,real,,0,23.0647285,72.4390715
69b273cf038302abb38096f2,107,37.2,39.8,38,40,2026-03-12 08:05:35.864000+00:00,real,,0,23.0647285,72.4390715
69b273d4038302abb38096f4,107,37.3,39.5,38,40,2026-03-12 08:05:40.971000+00:00,real,,0,23.0647285,72.4390715
69b273d9038302abb38096f6,107,37.3,39.0,38,40,2026-03-12 08:05:45.949000+00:00,real,,0,23.0647285,72.4390715
69b273de038302abb38096f8,107,37.3,39.4,38,40,2026-03-12 08:05:50.996000+00:00,real,,0,23.0647285,72.4390715
69b273e3038302abb38096fa,107,37.2,39.3,38,40,2026-03-12 08:05:55.943000+00:00,real,,0,23.0647285,72.4390715
69b273e8038302abb38096fc,139,37.3,39.4,51,54,2026-03-12 08:06:00.834000+00:00,real,,0,23.0647285,72.4390715
69b273ed038302abb38096fe,139,37.2,39.3,51,54,2026-03-12 08:06:05.951000+00:00,real,,0,23.0647285,72.4390715
69b273f2038302abb3809700,139,37.3,39.0,51,54,2026-03-12 08:06:10.882000+00:00,real,,0,23.0647285,72.4390715
69b273f7038302abb3809702,139,37.2,39.0,51,54,2026-03-12 08:06:15.987000+00:00,real,,0,23.0647285,72.4390715
69b273fd038302abb3809704,139,37.2,39.2,51,54,2026-03-12 08:06:21.003000+00:00,real,,0,23.0647285,72.4390715
69b27401038302abb3809706,139,37.2,38.9,51,54,2026-03-12 08:06:25.912000+00:00,real,,0,23.0647285,72.4390715
69b27406038302abb3809708,139,37.2,38.6,51,54,2026-03-12 08:06:30.944000+00:00,real,,0,23.0647285,72.4390715
69b2740b038302abb380970a,139,37.2,38.8,51,54,2026-03-12 08:06:35.852000+00:00,real,,0,23.0647285,72.4390715
69b27411038302abb380970c,139,37.2,38.8,51,54,2026-03-12 08:06:41.017000+00:00,real,,0,23.0647285,72.4390715
69b27415038302abb380970e,139,37.1,38.9,51,54,2026-03-12 08:06:45.881000+00:00,real,,0,23.0647285,72.4390715
69b2741a038302abb3809710,139,37.1,38.9,51,54,2026-03-12 08:06:50.803000+00:00,real,,0,23.0647285,72.4390715
69b2741f038302abb3809712,139,37.1,39.0,51,54,2026-03-12 08:06:55.915000+00:00,real,,0,23.0647285,72.4390715
69b27424038302abb3809714,139,37.1,39.2,51,54,2026-03-12 08:07:00.833000+00:00,real,,0,23.0647285,72.4390715
69b27429038302abb3809716,139,37.2,39.4,51,54,2026-03-12 08:07:05.958000+00:00,real,,0,23.0647285,72.4390715
69b2742e038302abb3809718,139,37.2,39.7,51,54,2026-03-12 08:07:10.867000+00:00,real,,0,23.0647285,72.4390715
69b274fc038302abb380971b,63,36.8,38.6,18,18,2026-03-12 08:10:36.079000+00:00,real,,0,23.0647285,72.4390715
69b274fc038302abb380971d,63,36.8,38.6,18,18,2026-03-12 08:10:36.114000+00:00,real,,0,23.0647285,72.4390715
69b27500038302abb380971f,112,36.8,39.3,40,40,2026-03-12 08:10:40.984000+00:00,real,,0,23.0647285,72.4390715
69b27505038302abb3809721,107,36.7,41.5,38,42,2026-03-12 08:10:45.953000+00:00,real,,0,23.0647285,72.4390715
69b2750a038302abb3809723,91,36.7,42.1,31,35,2026-03-12 08:10:50.845000+00:00,real,,0,23.0647285,72.4390715
69b27510038302abb3809725,91,36.7,40.9,31,35,2026-03-12 08:10:56.155000+00:00,real,,0,23.0647285,72.4390715
69b27514038302abb3809727,93,36.6,40.5,32,36,2026-03-12 08:11:00.863000+00:00,real,,0,23.0647285,72.4390715
69b27519038302abb3809729,95,36.6,40.5,33,38,2026-03-12 08:11:05.989000+00:00,real,,0,23.0647285,72.4390715
69b2751e038302abb380972b,99,36.5,40.4,35,39,2026-03-12 08:11:10.888000+00:00,real,,0,23.0647285,72.4390715
69b27524038302abb380972d,102,36.4,40.4,36,41,2026-03-12 08:11:16.012000+00:00,real,,0,23.0647285,72.4390715
69b27529038302abb380972f,105,36.4,40.5,37,42,2026-03-12 08:11:21.125000+00:00,real,,0,23.0647285,72.4390715
69b2752d038302abb3809731,107,36.4,40.7,38,43,2026-03-12 08:11:25.845000+00:00,real,,0,23.0647285,72.4390715
69b27533038302abb3809733,107,36.4,40.9,38,43,2026-03-12 08:11:31.087000+00:00,real,,0,23.0647285,72.4390715
69b27537038302abb3809735,107,36.4,41.0,38,43,2026-03-12 08:11:35.963000+00:00,real,,0,23.0647285,72.4390715
69b2753d038302abb3809737,107,36.4,42.7,38,43,2026-03-12 08:11:41.131000+00:00,real,,0,23.0647285,72.4390715
69b27541038302abb3809739,107,36.3,44.0,38,43,2026-03-12 08:11:45.963000+00:00,real,,0,23.0647285,72.4390715
69b27546038302abb380973b,107,36.3,44.7,38,43,2026-03-12 08:11:50.838000+00:00,real,,0,23.0647285,72.4390715
69b2754b038302abb380973d,107,36.4,47.1,38,43,2026-03-12 08:11:55.958000+00:00,real,,0,23.0647285,72.4390715
69b27550038302abb380973f,107,36.4,45.2,38,43,2026-03-12 08:12:00.858000+00:00,real,,0,23.0647285,72.4390715
69b27556038302abb3809741,107,36.4,46.0,38,43,2026-03-12 08:12:06.043000+00:00,real,,0,23.0647285,72.4390715
69b2755a038302abb3809743,107,36.4,44.7,38,43,2026-03-12 08:12:10.900000+00:00,real,,0,23.0647285,72.4390715
69b2755f038302abb3809745,107,36.4,48.2,38,43,2026-03-12 08:12:15.811000+00:00,real,,0,23.0647285,72.4390715
69b27564038302abb3809747,107,36.4,45.0,38,43,2026-03-12 08:12:20.934000+00:00,real,,0,23.0647285,72.4390715
69b27569038302abb3809749,107,36.4,44.9,38,43,2026-03-12 08:12:25.860000+00:00,real,,0,23.0647285,72.4390715
69b2756e038302abb380974b,107,36.4,44.6,38,43,2026-03-12 08:12:30.966000+00:00,real,,0,23.0647285,72.4390715
69b27573038302abb380974d,107,36.4,42.8,38,43,2026-03-12 08:12:35.884000+00:00,real,,0,23.0647285,72.4390715
69b27578038302abb380974f,107,36.4,41.9,38,43,2026-03-12 08:12:40.799000+00:00,real,,0,23.0647285,72.4390715
69b2757d038302abb3809751,107,36.4,42.6,38,43,2026-03-12 08:12:45.929000+00:00,real,,0,23.0647285,72.4390715
69b27582038302abb3809753,107,36.4,41.1,38,43,2026-03-12 08:12:50.833000+00:00,real,,0,23.0647285,72.4390715
69b27587038302abb3809755,107,36.4,40.7,38,43,2026-03-12 08:12:55.953000+00:00,real,,0,23.0647285,72.4390715
69b2758c038302abb3809757,107,36.4,41.1,38,43,2026-03-12 08:13:00.870000+00:00,real,,0,23.0647285,72.4390715
69b27592038302abb3809759,107,36.4,40.5,38,43,2026-03-12 08:13:06.188000+00:00,real,,0,23.0647285,72.4390715
69b27596038302abb380975b,107,36.4,38.5,38,43,2026-03-12 08:13:10.907000+00:00,real,,0,23.0647285,72.4390715
69b2759b038302abb380975d,107,36.4,39.4,38,43,2026-03-12 08:13:15.822000+00:00,real,,0,23.0647285,72.4390715
69b275a0038302abb380975f,107,36.3,39.9,38,43,2026-03-12 08:13:20.944000+00:00,real,,0,23.0647285,72.4390715
69b275a6038302abb3809761,107,36.2,39.2,38,43,2026-03-12 08:13:26.054000+00:00,real,,0,23.0647285,72.4390715
69b275ab038302abb3809764,107,36.1,39.5,38,43,2026-03-12 08:13:31.010000+00:00,real,,0,23.0647285,72.4390715
69b275b0038302abb3809766,107,36.1,39.8,38,43,2026-03-12 08:13:36.096000+00:00,real,,0,23.0647285,72.4390715
69b275b5038302abb3809768,107,36.0,38.8,38,43,2026-03-12 08:13:41.618000+00:00,real,,0,23.0647285,72.4390715
69b275ba038302abb380976a,107,35.9,38.5,38,43,2026-03-12 08:13:46.135000+00:00,real,,0,23.0647285,72.4390715
69b275bf038302abb380976c,107,35.8,38.4,38,43,2026-03-12 08:13:51.043000+00:00,real,,0,23.0647285,72.4390715
69b275c4038302abb380976e,107,35.7,38.4,38,43,2026-03-12 08:13:56.168000+00:00,real,,0,23.0647285,72.4390715
69b27668038302abb38097b0,156,38.2,36.1,66,71,2026-03-12 08:16:40.822000+00:00,real,,0,23.0647285,72.4390715
69b2766d038302abb38097b2,157,38.6,37.2,68,73,2026-03-12 08:16:45.950000+00:00,real,,0,23.0647285,72.4390715
69b27672038302abb38097b4,158,38.6,36.2,69,74,2026-03-12 08:16:50.862000+00:00,real,,0,23.0647285,72.4390715
69b27677038302abb38097b6,158,38.7,36.1,69,74,2026-03-12 08:16:55.985000+00:00,real,,0,23.0647285,72.4390715
69b2767c038302abb38097b8,158,38.6,35.8,69,74,2026-03-12 08:17:00.897000+00:00,real,,0,23.0647285,72.4390715
69b27681038302abb38097ba,158,38.4,35.8,69,74,2026-03-12 08:17:05.804000+00:00,real,,0,23.0647285,72.4390715
69b27686038302abb38097bc,158,38.6,35.3,69,74,2026-03-12 08:17:10.924000+00:00,real,,0,23.0647285,72.4390715
69b2768b038302abb38097be,158,38.5,35.1,69,74,2026-03-12 08:17:15.836000+00:00,real,,0,23.0647285,72.4390715
69b27690038302abb38097c0,158,38.7,35.2,69,74,2026-03-12 08:17:20.962000+00:00,real,,0,23.0647285,72.4390715
69b27695038302abb38097c2,158,39.2,35.1,69,74,2026-03-12 08:17:25.874000+00:00,real,,0,23.0647285,72.4390715
69b2769a038302abb38097c4,158,39.4,35.1,69,74,2026-03-12 08:17:30.997000+00:00,real,,0,23.0647285,72.4390715
69b2769f038302abb38097c6,158,39.5,35.1,69,74,2026-03-12 08:17:35.911000+00:00,real,,0,23.0647285,72.4390715
69b276a4038302abb38097c8,158,39.5,35.2,69,74,2026-03-12 08:17:40.837000+00:00,real,,0,23.0647285,72.4390715
69b276a9038302abb38097ca,158,39.7,36.0,69,74,2026-03-12 08:17:45.963000+00:00,real,,0,23.0647285,72.4390715
69b276af038302abb38097cd,158,39.8,36.1,69,74,2026-03-12 08:17:51.069000+00:00,real,,0,23.0647285,72.4390715
69b276b7038302abb38097cf,158,39.9,35.4,69,74,2026-03-12 08:17:59.377000+00:00,real,,0,23.0647285,72.4390715
69b276b9038302abb38097d1,158,40.1,35.8,69,74,2026-03-12 08:18:01.089000+00:00,real,,0,23.0647285,72.4390715
69b276be038302abb38097d3,158,40.0,35.4,69,74,2026-03-12 08:18:06.227000+00:00,real,,0,23.0647285,72.4390715
69b276c3038302abb38097d5,158,39.7,35.3,69,74,2026-03-12 08:18:11.999000+00:00,real,,0,23.0647285,72.4390715
69b276c8038302abb38097d7,158,39.4,35.0,69,74,2026-03-12 08:18:16.270000+00:00,real,,0,23.0647285,72.4390715
69b276cd038302abb38097d9,158,39.3,34.9,69,74,2026-03-12 08:18:21.175000+00:00,real,,0,23.0647285,72.4390715
69b276d2038302abb38097db,158,39.2,35.0,69,74,2026-03-12 08:18:26.094000+00:00,real,,0,23.0647285,72.4390715
69b276d7038302abb38097dd,158,39.7,34.9,69,74,2026-03-12 08:18:31.241000+00:00,real,,0,23.0647285,72.4390715
69b276dc038302abb38097df,158,40.0,35.0,69,74,2026-03-12 08:18:36.325000+00:00,real,,0,23.0647285,72.4390715
69b276e1038302abb38097e1,158,40.3,35.1,69,74,2026-03-12 08:18:41.435000+00:00,real,,0,23.0647285,72.4390715
69b276e5038302abb38097e3,158,40.5,35.1,69,74,2026-03-12 08:18:45.971000+00:00,real,,0,23.0647285,72.4390715
69b276eb038302abb38097e6,158,40.7,35.3,69,74,2026-03-12 08:18:51.383000+00:00,real,,0,23.0647285,72.4390715
69b276f0038302abb38097e8,158,40.5,34.9,69,74,2026-03-12 08:18:56.180000+00:00,real,,0,23.0647285,72.4390715
69b276f4038302abb38097ea,158,40.4,34.7,69,74,2026-03-12 08:19:00.915000+00:00,real,,0,23.0647285,72.4390715
69b276f9038302abb38097ec,158,40.3,34.7,69,74,2026-03-12 08:19:05.855000+00:00,real,,0,23.0647285,72.4390715
69b276ff038302abb38097ef,158,40.6,34.8,69,74,2026-03-12 08:19:11.143000+00:00,real,,0,23.0647285,72.4390715
69b27704038302abb38097f1,158,41.0,35.3,69,74,2026-03-12 08:19:16.284000+00:00,real,,0,23.0647285,72.4390715
69b27709038302abb38097f3,153,41.2,35.0,60,63,2026-03-12 08:19:21.175000+00:00,real,,0,23.0647285,72.4390715
69b2770e038302abb38097f5,153,41.3,34.9,59,62,2026-03-12 08:19:26.130000+00:00,real,,0,23.0647285,72.4390715
69b27712038302abb38097f7,124,41.4,35.3,45,47,2026-03-12 08:19:30.796000+00:00,real,,0,23.0647285,72.4390715
69b27717038302abb38097f9,124,41.1,34.7,45,47,2026-03-12 08:19:35.921000+00:00,real,,0,23.0647285,72.4390715
69b2771d038302abb38097fc,124,40.7,34.5,45,47,2026-03-12 08:19:41.041000+00:00,real,,0,23.0647285,72.4390715
69b27722038302abb38097fe,122,40.5,34.4,44,47,2026-03-12 08:19:46.733000+00:00,real,,0,23.0647285,72.4390715
69b27727038302abb3809800,122,40.8,33.5,44,47,2026-03-12 08:19:51.475000+00:00,real,,0,23.0647285,72.4390715
69b2772c038302abb3809802,122,41.0,34.5,44,47,2026-03-12 08:19:56.193000+00:00,real,,0,23.0647285,72.4390715
69b27736038302abb3809804,122,41.2,33.9,44,47,2026-03-12 08:20:06.283000+00:00,real,,0,23.0647285,72.4390715
69b2773b038302abb3809806,122,40.9,34.1,44,47,2026-03-12 08:20:11.146000+00:00,real,,0,23.0647285,72.4390715
69b27740038302abb3809808,122,40.7,34.1,44,47,2026-03-12 08:20:16.063000+00:00,real,,0,23.0647285,72.4390715
69b27744038302abb380980a,122,40.7,34.2,44,47,2026-03-12 08:20:20.977000+00:00,real,,0,23.0647285,72.4390715
